anchor_index,tid,tier_ratio,tier_label,cA_direction_id,cA_sign,cA_safe_upper_bound,cA_gamma_used,safe_radius_ratio_A,cDm_direction_id,cDm_sign,cDm_safe_upper_bound,cDm_gamma_used,safe_radius_ratio_Dm,safe_radius_ratio,y,cA_transport_error_logeuc,cA_transport_error_fro,cDm_transport_error_logeuc,cDm_transport_error_fro,dual_transport_error_logeuc
0,natops_train_114,0.25,small,8,-1.0,0.1,0.025,0.2499999999975,7,-1.0,0.05,0.0125,0.249999999995,0.24999999999625,4,5.63882874843178,0.00044208598678600967,5.412110449272653,0.00044068372806652594,5.525469598852217
0,natops_train_114,0.5,mid,8,-1.0,0.1,0.05,0.499999999995,7,-1.0,0.05,0.025,0.49999999999,0.4999999999925,4,5.6386566761828565,0.0004460775618040415,5.410984030513214,0.00044051903356368905,5.524820353348035
0,natops_train_114,0.9,edge,8,-1.0,0.1,0.09000000000000001,0.899999999991,7,-1.0,0.05,0.045000000000000005,0.8999999999820001,0.8999999999865,4,5.638348494482803,0.0004585746815151096,5.409192501952323,0.00044038031639288133,5.523770498217563
1,natops_train_31,0.25,small,8,1.0,0.1,0.025,0.2499999999975,9,1.0,0.05,0.0125,0.249999999995,0.24999999999625,4,5.82745566835612,0.00044284752764111836,5.616038686237699,0.0004414524160170677,5.72174717729691
1,natops_train_31,0.5,mid,8,1.0,0.1,0.05,0.499999999995,9,1.0,0.05,0.025,0.49999999999,0.4999999999925,4,5.827926413177237,0.0004483357276741714,5.6179539672656125,0.0004420363496877208,5.722940190221425
1,natops_train_31,0.9,edge,8,1.0,0.1,0.09000000000000001,0.899999999991,9,1.0,0.05,0.045000000000000005,0.8999999999820001,0.8999999999865,4,5.8279600209502584,0.0004648361693924308,5.621013674184082,0.0004430525595798776,5.724486847567171
2,natops_train_157,0.25,small,4,-1.0,0.1,0.025,0.2499999999975,5,-1.0,0.05,0.0125,0.249999999995,0.24999999999625,4,5.572091782655297,0.0004417614557673265,5.490680809297044,0.0004409046089294766,5.531386295976171
2,natops_train_157,0.5,mid,4,-1.0,0.1,0.05,0.499999999995,5,-1.0,0.05,0.025,0.49999999999,0.4999999999925,4,5.569757914308677,0.00044453726159632387,5.491406182978764,0.00044097355390753133,5.530582048643721
2,natops_train_157,0.9,edge,4,-1.0,0.1,0.09000000000000001,0.899999999991,5,-1.0,0.05,0.045000000000000005,0.8999999999820001,0.8999999999865,4,5.567377653452376,0.00045324862997401925,5.492526931220896,0.0004412285631748811,5.529952292336636
3,natops_train_130,0.25,small,9,1.0,0.1,0.025,0.2499999999975,2,1.0,0.05,0.0125,0.249999999995,0.24999999999625,0,5.689050025382233,0.00044227071834463994,5.877277688685269,0.0004409653931560317,5.783163857033751
3,natops_train_130,0.5,mid,9,1.0,0.1,0.05,0.499999999995,2,1.0,0.05,0.025,0.49999999999,0.4999999999925,0,5.6901862766529145,0.000446116169349841,5.878899338161454,0.00044104953008396435,5.784542807407185
3,natops_train_130,0.9,edge,9,1.0,0.1,0.09000000000000001,0.899999999991,2,1.0,0.05,0.045000000000000005,0.8999999999820001,0.8999999999865,0,5.691237428688108,0.0004578040269319011,5.881499191262887,0.0004412401010105432,5.786368309975497
4,natops_train_178,0.25,small,9,-1.0,0.1,0.025,0.2499999999975,5,1.0,0.05,0.0125,0.249999999995,0.24999999999625,3,5.644211429622024,0.0004421646974814032,5.411439496042986,0.00044096780905941816,5.527825462832505
4,natops_train_178,0.5,mid,9,-1.0,0.1,0.05,0.499999999995,5,1.0,0.05,0.025,0.49999999999,0.4999999999925,3,5.643137732084003,0.00044648123904494924,5.411597039742332,0.00044108737484823486,5.527367385913167
4,natops_train_178,0.9,edge,9,-1.0,0.1,0.09000000000000001,0.899999999991,5,1.0,0.05,0.045000000000000005,0.8999999999820001,0.8999999999865,3,5.639673322989178,0.00045968262429486417,5.411843397054706,0.0004414061859285185,5.525758360021942
5,natops_train_29,0.25,small,2,1.0,0.1,0.025,0.2499999999975,3,-1.0,0.05,0.0125,0.249999999995,0.24999999999625,4,5.511278951025176,0.0004431033371430701,5.350827339188523,0.000440853415265871,5.4310531451068496
5,natops_train_29,0.5,mid,2,1.0,0.1,0.05,0.499999999995,3,-1.0,0.05,0.025,0.49999999999,0.4999999999925,4,5.513896644539397,0.00044880529886223594,5.35004593247627,0.0004408580429638249,5.4319712885078335
5,natops_train_29,0.9,edge,2,1.0,0.1,0.09000000000000001,0.899999999991,3,-1.0,0.05,0.045000000000000005,0.8999999999820001,0.8999999999865,4,5.518193597824508,0.00046582707067839113,5.348798605950734,0.0004409893048340723,5.433496101887622
6,natops_train_68,0.25,small,0,-1.0,0.1,0.025,0.2499999999975,3,1.0,0.05,0.0125,0.249999999995,0.24999999999625,1,5.944921203698572,0.0004409212096591526,6.053387655612662,0.00044101415318652774,5.999154429655617
6,natops_train_68,0.5,mid,0,-1.0,0.1,0.05,0.499999999995,3,1.0,0.05,0.025,0.49999999999,0.4999999999925,1,5.942190983499781,0.0004422991436492202,6.052970115043923,0.0004411476693894922,5.997580549271852
6,natops_train_68,0.9,edge,0,-1.0,0.1,0.09000000000000001,0.899999999991,3,1.0,0.05,0.045000000000000005,0.8999999999820001,0.8999999999865,1,5.937650774492158,0.00044742927287527836,6.052308709627786,0.00044141976990266644,5.9949797420599715
7,natops_train_28,0.25,small,7,1.0,0.1,0.025,0.2499999999975,6,1.0,0.05,0.0125,0.249999999995,0.24999999999625,4,5.521887744855864,0.0004424777435404294,5.255043336574475,0.0004408659190498427,5.388465540715169
7,natops_train_28,0.5,mid,7,1.0,0.1,0.05,0.499999999995,6,1.0,0.05,0.025,0.49999999999,0.4999999999925,4,5.520306519080498,0.00044682049573918176,5.257870101712619,0.0004408756219102724,5.389088310396559
7,natops_train_28,0.9,edge,7,1.0,0.1,0.09000000000000001,0.899999999991,6,1.0,0.05,0.045000000000000005,0.8999999999820001,0.8999999999865,4,5.518246103814241,0.0004600829532399409,5.262379779451409,0.0004409980896373213,5.390312941632825
8,natops_train_44,0.25,small,8,1.0,0.1,0.025,0.2499999999975,6,-1.0,0.05,0.0125,0.249999999995,0.24999999999625,0,5.936334946875193,0.0004429139286565901,6.182403310111866,0.00044096175806943006,6.059369128493529
8,natops_train_44,0.5,mid,8,1.0,0.1,0.05,0.499999999995,6,-1.0,0.05,0.025,0.49999999999,0.4999999999925,0,5.936117159424675,0.00044877116525731444,6.18309690002188,0.0004410524711836918,6.059607029723278
8,natops_train_44,0.9,edge,8,1.0,0.1,0.09000000000000001,0.899999999991,6,-1.0,0.05,0.045000000000000005,0.8999999999820001,0.8999999999865,0,5.936632285407939,0.0004671006501537106,6.184205539060194,0.00044127460288295896,6.060418912234066
9,natops_train_133,0.25,small,3,1.0,0.1,0.025,0.2499999999975,5,-1.0,0.05,0.0125,0.249999999995,0.24999999999625,5,5.882175337136377,0.0004420323241337616,5.644180457777729,0.0004409076227982509,5.763177897457053
9,natops_train_133,0.5,mid,3,1.0,0.1,0.05,0.499999999995,5,-1.0,0.05,0.025,0.49999999999,0.4999999999925,5,5.883331302325685,0.00044452501789455165,5.643958077452735,0.0004409703690801913,5.76364468988921
9,natops_train_133,0.9,edge,3,1.0,0.1,0.09000000000000001,0.899999999991,5,-1.0,0.05,0.045000000000000005,0.8999999999820001,0.8999999999865,5,5.887866210762745,0.00045187148866079126,5.64358419095423,0.00044119921508564203,5.765725200858487
10,natops_train_139,0.25,small,2,-1.0,0.1,0.025,0.2499999999975,4,-1.0,0.05,0.0125,0.249999999995,0.24999999999625,1,5.737514121509784,0.00044173160451757104,6.130712482466612,0.0004408759161752054,5.934113301988198
10,natops_train_139,0.5,mid,2,-1.0,0.1,0.05,0.499999999995,4,-1.0,0.05,0.025,0.49999999999,0.4999999999925,1,5.735880950486978,0.00044529481705430637,6.130987414230963,0.0004408650833351477,5.933434182358971
10,natops_train_139,0.9,edge,2,-1.0,0.1,0.09000000000000001,0.899999999991,4,-1.0,0.05,0.045000000000000005,0.8999999999820001,0.8999999999865,1,5.733597373776113,0.0004569176339349551,6.13143380394185,0.0004408920578633907,5.932515588858982
11,natops_train_138,0.25,small,1,1.0,0.1,0.025,0.2499999999975,4,1.0,0.05,0.0125,0.249999999995,0.24999999999625,5,5.796956623714697,0.0004420304459296168,5.8476058187420135,0.00044097536734784943,5.822281221228355
11,natops_train_138,0.5,mid,1,1.0,0.1,0.05,0.499999999995,4,1.0,0.05,0.025,0.49999999999,0.4999999999925,5,5.796505362721462,0.00044468566008832943,5.846978346515498,0.00044108914370495194,5.82174185461848
11,natops_train_138,0.9,edge,1,1.0,0.1,0.09000000000000001,0.899999999991,4,1.0,0.05,0.045000000000000005,0.8999999999820001,0.8999999999865,5,5.797395261438414,0.00045268074613886105,5.845980882972123,0.0004413693559497433,5.821688072205268
12,natops_train_41,0.25,small,2,1.0,0.1,0.025,0.2499999999975,9,-1.0,0.05,0.0125,0.249999999995,0.24999999999625,3,5.732096877461517,0.00044331716467166344,5.705068611329168,0.0004404057533465075,5.718582744395343
12,natops_train_41,0.5,mid,2,1.0,0.1,0.05,0.499999999995,9,-1.0,0.05,0.025,0.49999999999,0.4999999999925,3,5.73377967574955,0.00044968993029809997,5.703620456319945,0.0004399536183026745,5.718700066034748
12,natops_train_41,0.9,edge,2,1.0,0.1,0.09000000000000001,0.899999999991,9,-1.0,0.05,0.045000000000000005,0.8999999999820001,0.8999999999865,3,5.737232506398218,0.0004691539277843007,5.701315849682486,0.00043933313486892416,5.719274178040353
13,natops_train_19,0.25,small,7,1.0,0.1,0.025,0.2499999999975,1,-1.0,0.05,0.0125,0.249999999995,0.24999999999625,5,5.676968278291023,0.0004415108792578809,5.712343135256418,0.00044071071359563145,5.6946557067737205
13,natops_train_19,0.5,mid,7,1.0,0.1,0.05,0.499999999995,1,-1.0,0.05,0.025,0.49999999999,0.4999999999925,5,5.675465802018052,0.0004429170924037697,5.714256971611571,0.000440547621514759,5.694861386814812
13,natops_train_19,0.9,edge,7,1.0,0.1,0.09000000000000001,0.899999999991,1,-1.0,0.05,0.045000000000000005,0.8999999999820001,0.8999999999865,5,5.6726700891516275,0.000446901451535775,5.717313148673836,0.0004403574501341765,5.694991618912732
14,natops_train_154,0.25,small,4,-1.0,0.1,0.025,0.2499999999975,2,1.0,0.05,0.0125,0.249999999995,0.24999999999625,0,5.794140425100715,0.00044187654645232687,6.114070720884962,0.0004409697287932435,5.954105572992839
14,natops_train_154,0.5,mid,4,-1.0,0.1,0.05,0.499999999995,2,1.0,0.05,0.025,0.49999999999,0.4999999999925,0,5.7902028988754735,0.0004449554459739391,6.1155438769302295,0.00044106232184873325,5.9528733879028515
14,natops_train_154,0.9,edge,4,-1.0,0.1,0.09000000000000001,0.899999999991,2,1.0,0.05,0.045000000000000005,0.8999999999820001,0.8999999999865,0,5.784333795492956,0.0004547239213992154,6.117898172276339,0.00044127469699148364,5.951115983884648
15,natops_train_24,0.25,small,7,1.0,0.1,0.025,0.2499999999975,2,-1.0,0.05,0.0125,0.249999999995,0.24999999999625,0,5.738458651103374,0.00044131432268618734,6.10440338345126,0.00044087510657552496,5.9214310172773175
15,natops_train_24,0.5,mid,7,1.0,0.1,0.05,0.499999999995,2,-1.0,0.05,0.025,0.49999999999,0.4999999999925,0,5.740975708407903,0.0004421435602415082,6.103071962076237,0.0004408654463489925,5.92202383524207
15,natops_train_24,0.9,edge,7,1.0,0.1,0.09000000000000001,0.899999999991,2,-1.0,0.05,0.045000000000000005,0.8999999999820001,0.8999999999865,0,5.74509697479367,0.00044444520995122006,6.100939409386599,0.00044089881223096695,5.923018192090135
16,natops_train_117,0.25,small,1,-1.0,0.1,0.025,0.2499999999975,4,-1.0,0.05,0.0125,0.249999999995,0.24999999999625,3,5.432869249248336,0.00044147556214749775,5.430968878608638,0.00044090593395121097,5.431919063928487
16,natops_train_117,0.5,mid,1,-1.0,0.1,0.05,0.499999999995,4,-1.0,0.05,0.025,0.49999999999,0.4999999999925,3,5.436540953138605,0.00044399429963173155,5.431287873325473,0.0004409875396965285,5.4339144132320385
16,natops_train_117,0.9,edge,1,-1.0,0.1,0.09000000000000001,0.899999999991,4,-1.0,0.05,0.045000000000000005,0.8999999999820001,0.8999999999865,3,5.439655797119195,0.00045153738524052157,5.431819291036288,0.0004412952332174374,5.435737544077742
17,natops_train_173,0.25,small,1,-1.0,0.1,0.025,0.2499999999975,6,-1.0,0.05,0.0125,0.249999999995,0.24999999999625,1,5.782232369953765,0.0004414240556773534,6.050323746303186,0.00044095715711963876,5.9162780581284755
17,natops_train_173,0.5,mid,1,-1.0,0.1,0.05,0.499999999995,6,-1.0,0.05,0.025,0.49999999999,0.4999999999925,1,5.779657992622828,0.0004434335189745093,6.0513230568936365,0.0004410295187528047,5.915490524758232
17,natops_train_173,0.9,edge,1,-1.0,0.1,0.09000000000000001,0.899999999991,6,-1.0,0.05,0.045000000000000005,0.8999999999820001,0.8999999999865,1,5.775391684964283,0.0004499337178669125,6.0529258936219055,0.00044119385477312114,5.914158789293094
18,natops_train_160,0.25,small,1,-1.0,0.1,0.025,0.2499999999975,4,-1.0,0.05,0.0125,0.249999999995,0.24999999999625,2,5.703769369258304,0.0004418310302890148,5.780258608515823,0.00044087238987193777,5.742013988887064
18,natops_train_160,0.5,mid,1,-1.0,0.1,0.05,0.499999999995,4,-1.0,0.05,0.025,0.49999999999,0.4999999999925,2,5.70306182599038,0.0004451364414771601,5.780911470095667,0.0004408567787124954,5.7419866480430235
18,natops_train_160,0.9,edge,1,-1.0,0.1,0.09000000000000001,0.899999999991,4,-1.0,0.05,0.045000000000000005,0.8999999999820001,0.8999999999865,2,5.702427921261609,0.00045594325320143643,5.781964818726326,0.0004408736538363979,5.742196369993968
19,natops_train_151,0.25,small,2,1.0,0.1,0.025,0.2499999999975,9,-1.0,0.05,0.0125,0.249999999995,0.24999999999625,2,5.994111042619672,0.0004420032146249697,6.4786897707963265,0.00044039797924987117,6.2364004067079994
19,natops_train_151,0.5,mid,2,1.0,0.1,0.05,0.499999999995,9,-1.0,0.05,0.025,0.49999999999,0.4999999999925,2,5.995574433069838,0.00044426800854048114,6.4763591351473435,0.0004399016077190753,6.235966784108591
19,natops_train_151,0.9,edge,2,1.0,0.1,0.09000000000000001,0.899999999991,9,-1.0,0.05,0.045000000000000005,0.8999999999820001,0.8999999999865,2,5.998561165513626,0.00045063751186331024,6.472634988901526,0.00043913590280651824,6.235598077207577
20,natops_train_124,0.25,small,5,-1.0,0.1,0.025,0.2499999999975,1,1.0,0.05,0.0125,0.249999999995,0.24999999999625,0,5.621156805316278,0.00044270359018124054,5.786272861186523,0.0004411193789759261,5.7037148332514
20,natops_train_124,0.5,mid,5,-1.0,0.1,0.05,0.499999999995,1,1.0,0.05,0.025,0.49999999999,0.4999999999925,0,5.62254902386894,0.00044753461051696796,5.786689437294838,0.0004413669069502404,5.704619230581889
20,natops_train_124,0.9,edge,5,-1.0,0.1,0.09000000000000001,0.899999999991,1,1.0,0.05,0.045000000000000005,0.8999999999820001,0.8999999999865,0,5.623965588969033,0.0004618581715639565,5.787358009803323,0.00044183906996448974,5.705661799386178
21,natops_train_53,0.25,small,4,-1.0,0.1,0.025,0.2499999999975,5,1.0,0.05,0.0125,0.249999999995,0.24999999999625,2,5.9093060189619155,0.0004419254301415629,6.047465836365343,0.00044094660293631405,5.978385927663629
21,natops_train_53,0.5,mid,4,-1.0,0.1,0.05,0.499999999995,5,1.0,0.05,0.025,0.49999999999,0.4999999999925,2,5.907442314482436,0.0004453490362018047,6.047819549964824,0.0004410060816492901,5.97763093222363
21,natops_train_53,0.9,edge,4,-1.0,0.1,0.09000000000000001,0.899999999991,5,1.0,0.05,0.045000000000000005,0.8999999999820001,0.8999999999865,2,5.903905437502823,0.0004560948403580212,6.0483859096253525,0.00044114490293896544,5.976145673564088
22,natops_train_150,0.25,small,9,1.0,0.1,0.025,0.2499999999975,5,-1.0,0.05,0.0125,0.249999999995,0.24999999999625,5,5.612744696784237,0.0004424077856015285,5.609410766981362,0.0004409105586750974,5.6110777318828
22,natops_train_150,0.5,mid,9,1.0,0.1,0.05,0.499999999995,5,-1.0,0.05,0.025,0.49999999999,0.4999999999925,5,5.613457753017202,0.0004465433963347066,5.608947974580324,0.0004409741235205289,5.611202863798763
22,natops_train_150,0.9,edge,9,1.0,0.1,0.09000000000000001,0.899999999991,5,-1.0,0.05,0.045000000000000005,0.8999999999820001,0.8999999999865,5,5.615716599631756,0.0004591699248667449,5.60822680811108,0.0004412073073809476,5.6119717038714185
23,natops_train_22,0.25,small,9,1.0,0.1,0.025,0.2499999999975,1,1.0,0.05,0.0125,0.249999999995,0.24999999999625,4,5.779760992590628,0.0004435081052793287,5.821684935926903,0.0004411312565340319,5.800722964258766
23,natops_train_22,0.5,mid,9,1.0,0.1,0.05,0.499999999995,1,1.0,0.05,0.025,0.49999999999,0.4999999999925,4,5.781471449996989,0.00045124998783818867,5.822214014533417,0.0004414203073563195,5.801842732265203
23,natops_train_22,0.9,edge,9,1.0,0.1,0.09000000000000001,0.899999999991,1,1.0,0.05,0.045000000000000005,0.8999999999820001,0.8999999999865,4,5.783831771397679,0.00047528419359059166,5.823064925202009,0.0004420204828873102,5.803448348299844
24,natops_train_30,0.25,small,5,-1.0,0.1,0.025,0.2499999999975,8,-1.0,0.05,0.0125,0.249999999995,0.24999999999625,2,6.294583828421295,0.0004429107417514352,6.504404035834055,0.00044104231153031765,6.399493932127675
24,natops_train_30,0.5,mid,5,-1.0,0.1,0.05,0.499999999995,8,-1.0,0.05,0.025,0.49999999999,0.4999999999925,2,6.29825865214295,0.00044834328316651934,6.504609761085497,0.00044119370592898003,6.401434206614224
24,natops_train_30,0.9,edge,5,-1.0,0.1,0.09000000000000001,0.899999999991,8,-1.0,0.05,0.045000000000000005,0.8999999999820001,0.8999999999865,2,6.304071961020388,0.0004652248177476093,6.504943948808928,0.0004414716447088707,6.404507954914658
25,natops_train_110,0.25,small,0,1.0,0.1,0.025,0.2499999999975,1,1.0,0.05,0.0125,0.249999999995,0.24999999999625,2,5.694083783539769,0.0004423323860227796,5.92186306121203,0.0004411083792781694,5.8079734223759
25,natops_train_110,0.5,mid,0,1.0,0.1,0.05,0.499999999995,1,1.0,0.05,0.025,0.49999999999,0.4999999999925,2,5.69606043870376,0.0004453815510722188,5.923220952494552,0.000441337644847442,5.809640695599156
25,natops_train_110,0.9,edge,0,1.0,0.1,0.09000000000000001,0.899999999991,1,1.0,0.05,0.045000000000000005,0.8999999999820001,0.8999999999865,2,5.698781476146622,0.0004536667548596309,5.925392202099844,0.0004417642630964877,5.812086839123233
26,natops_train_132,0.25,small,9,-1.0,0.1,0.025,0.2499999999975,3,1.0,0.05,0.0125,0.249999999995,0.24999999999625,4,5.644959190320105,0.0004436598664418142,5.523948795768247,0.00044101897626338393,5.584453993044176
26,natops_train_132,0.5,mid,9,-1.0,0.1,0.05,0.499999999995,3,1.0,0.05,0.025,0.49999999999,0.4999999999925,4,5.645059456572399,0.00045249663925207184,5.52496935543107,0.0004411898370210412,5.585014406001735
26,natops_train_132,0.9,edge,9,-1.0,0.1,0.09000000000000001,0.899999999991,3,1.0,0.05,0.045000000000000005,0.8999999999820001,0.8999999999865,4,5.645547000237271,0.0004815010947024707,5.5265842414343025,0.0004415851136631842,5.586065620835787
27,natops_train_107,0.25,small,5,1.0,0.1,0.025,0.2499999999975,1,-1.0,0.05,0.0125,0.249999999995,0.24999999999625,5,5.648002442266844,0.0004437020290044409,5.529389849378777,0.0004407404913618087,5.58869614582281
27,natops_train_107,0.5,mid,5,1.0,0.1,0.05,0.499999999995,1,-1.0,0.05,0.025,0.49999999999,0.4999999999925,5,5.64636828690062,0.0004532730302059501,5.52864787503967,0.0004406178661735736,5.587508080970146
27,natops_train_107,0.9,edge,5,1.0,0.1,0.09000000000000001,0.899999999991,1,-1.0,0.05,0.045000000000000005,0.8999999999820001,0.8999999999865,5,5.643559410599782,0.00048492454331377225,5.527448250536298,0.0004405130317099227,5.58550383056804
28,natops_train_21,0.25,small,2,-1.0,0.1,0.025,0.2499999999975,5,1.0,0.05,0.0125,0.249999999995,0.24999999999625,2,5.724804449045343,0.0004419662712770822,5.961225495611211,0.0004409564303093536,5.843014972328277
28,natops_train_21,0.5,mid,2,-1.0,0.1,0.05,0.499999999995,5,1.0,0.05,0.025,0.49999999999,0.4999999999925,2,5.722127207552239,0.0004461590781930443,5.961379220478162,0.00044103853576285887,5.841753214015201
28,natops_train_21,0.9,edge,2,-1.0,0.1,0.09000000000000001,0.899999999991,5,1.0,0.05,0.045000000000000005,0.8999999999820001,0.8999999999865,2,5.7177643337997255,0.0004599349848488445,5.9616239538072,0.0004412397059389224,5.839694143803463
29,natops_train_79,0.25,small,4,1.0,0.1,0.025,0.2499999999975,5,1.0,0.05,0.0125,0.249999999995,0.24999999999625,5,5.643590013461815,0.00044312012342202447,5.453455370053818,0.00044094821346131897,5.5485226917578165
29,natops_train_79,0.5,mid,4,1.0,0.1,0.05,0.499999999995,5,1.0,0.05,0.025,0.49999999999,0.4999999999925,5,5.645333861863239,0.0004497499304702415,5.454244831158558,0.00044101857222027024,5.549789346510899
29,natops_train_79,0.9,edge,4,1.0,0.1,0.09000000000000001,0.899999999991,5,1.0,0.05,0.045000000000000005,0.8999999999820001,0.8999999999865,5,5.646871652442282,0.00047043010570636004,5.4555077992335335,0.00044119455120620726,5.551189725837908
30,natops_train_108,0.25,small,8,1.0,0.1,0.025,0.2499999999975,3,1.0,0.05,0.0125,0.249999999995,0.24999999999625,4,5.499573039524942,0.0004422552656094293,5.163153814458273,0.0004410152343600383,5.331363426991608
30,natops_train_108,0.5,mid,8,1.0,0.1,0.05,0.499999999995,3,1.0,0.05,0.025,0.49999999999,0.4999999999925,4,5.500307021705261,0.000445978379062419,5.164294196927178,0.00044116973009462385,5.332300609316219
30,natops_train_108,0.9,edge,8,1.0,0.1,0.09000000000000001,0.899999999991,3,1.0,0.05,0.045000000000000005,0.8999999999820001,0.8999999999865,4,5.501402917157291,0.00045699390414032434,5.166137774165308,0.00044152102121412177,5.3337703456613
31,natops_train_135,0.25,small,1,1.0,0.1,0.025,0.2499999999975,2,1.0,0.05,0.0125,0.249999999995,0.24999999999625,0,5.880692321700041,0.0004425324840074924,6.270656665433589,0.0004409647232834766,6.075674493566815
31,natops_train_135,0.5,mid,1,1.0,0.1,0.05,0.499999999995,2,1.0,0.05,0.025,0.49999999999,0.4999999999925,0,5.882139819906158,0.00044680524943140174,6.272340969205494,0.0004410473458518147,6.077240394555826
31,natops_train_135,0.9,edge,1,1.0,0.1,0.09000000000000001,0.899999999991,2,1.0,0.05,0.045000000000000005,0.8999999999820001,0.8999999999865,0,5.8849816567299555,0.00045974130838191587,6.2750394107941,0.0004412332923778719,6.080010533762028
32,natops_train_5,0.25,small,1,-1.0,0.1,0.025,0.2499999999975,1,-1.0,0.05,0.0125,0.249999999995,0.24999999999625,4,5.56540875651676,0.00044225835435289176,5.400411346088501,0.00044074302841221166,5.48291005130263
32,natops_train_5,0.5,mid,1,-1.0,0.1,0.05,0.499999999995,1,-1.0,0.05,0.025,0.49999999999,0.4999999999925,4,5.562663694346127,0.00044680208660687455,5.399955368157137,0.00044063661812549415,5.4813095312516324
32,natops_train_5,0.9,edge,1,-1.0,0.1,0.09000000000000001,0.899999999991,1,-1.0,0.05,0.045000000000000005,0.8999999999820001,0.8999999999865,4,5.55778198843296,0.0004611659343373831,5.399216054762647,0.00044058722607615307,5.478499021597804
33,natops_train_176,0.25,small,6,1.0,0.1,0.025,0.2499999999975,6,1.0,0.05,0.0125,0.249999999995,0.24999999999625,4,5.461867663107027,0.00044222602983663267,5.285982670630768,0.00044091160596005453,5.373925166868897
33,natops_train_176,0.5,mid,6,1.0,0.1,0.05,0.499999999995,6,1.0,0.05,0.025,0.49999999999,0.4999999999925,4,5.4659950316162895,0.0004447318433711895,5.282214063910959,0.000440946751055066,5.374104547763624
33,natops_train_176,0.9,edge,6,1.0,0.1,0.09000000000000001,0.899999999991,6,1.0,0.05,0.045000000000000005,0.8999999999820001,0.8999999999865,4,5.470612413322709,0.0004511398632315172,5.276188317716513,0.00044107064353824115,5.373400365519611
34,natops_train_27,0.25,small,3,-1.0,0.1,0.025,0.2499999999975,8,1.0,0.05,0.0125,0.249999999995,0.24999999999625,4,5.3964690105567765,0.000441271575414441,5.314956648694521,0.0004408228042806835,5.355712829625649
34,natops_train_27,0.5,mid,3,-1.0,0.1,0.05,0.499999999995,8,1.0,0.05,0.025,0.49999999999,0.4999999999925,4,5.390772406615157,0.00044294289244533713,5.313968546361163,0.00044081320191372285,5.35237047648816
34,natops_train_27,0.9,edge,3,-1.0,0.1,0.09000000000000001,0.899999999991,8,1.0,0.05,0.045000000000000005,0.8999999999820001,0.8999999999865,4,5.38393450492254,0.0004486205745145989,5.312369086277873,0.0004409522674511117,5.348151795600207
35,natops_train_153,0.25,small,3,-1.0,0.1,0.025,0.2499999999975,8,-1.0,0.05,0.0125,0.249999999995,0.24999999999625,4,5.389367443472649,0.00044111798519207667,5.455964801072179,0.0004410721866920503,5.422666122272414
35,natops_train_153,0.5,mid,3,-1.0,0.1,0.05,0.499999999995,8,-1.0,0.05,0.025,0.49999999999,0.4999999999925,4,5.381017674106634,0.0004423546397792598,5.457145144119794,0.00044132327092367686,5.419081409113214
35,natops_train_153,0.9,edge,3,-1.0,0.1,0.09000000000000001,0.899999999991,8,-1.0,0.05,0.045000000000000005,0.8999999999820001,0.8999999999865,4,5.366510413639179,0.0004463300583195395,5.459037080843799,0.00044190442739741137,5.412773747241489
36,natops_train_172,0.25,small,9,1.0,0.1,0.025,0.2499999999975,5,-1.0,0.05,0.0125,0.249999999995,0.24999999999625,5,5.744957158544152,0.00044238397725238846,5.53109553203038,0.00044089495684680616,5.638026345287266
36,natops_train_172,0.5,mid,9,1.0,0.1,0.05,0.499999999995,5,-1.0,0.05,0.025,0.49999999999,0.4999999999925,5,5.744835648595266,0.00044631111354112183,5.531351800902167,0.0004409242875358198,5.638093724748716
36,natops_train_172,0.9,edge,9,1.0,0.1,0.09000000000000001,0.899999999991,5,-1.0,0.05,0.045000000000000005,0.8999999999820001,0.8999999999865,5,5.747387080329974,0.0004584074288053491,5.53177018932515,0.0004410616916338387,5.639578634827561
37,natops_train_144,0.25,small,2,-1.0,0.1,0.025,0.2499999999975,8,1.0,0.05,0.0125,0.249999999995,0.24999999999625,0,5.786405808937723,0.0004419718439148618,5.900147739972055,0.0004407947422505153,5.843276774454889
37,natops_train_144,0.5,mid,2,-1.0,0.1,0.05,0.499999999995,8,1.0,0.05,0.025,0.49999999999,0.4999999999925,0,5.78439660603172,0.00044618748778918254,5.8998532464451285,0.0004407118548508702,5.842124926238425
37,natops_train_144,0.9,edge,2,-1.0,0.1,0.09000000000000001,0.899999999991,8,1.0,0.05,0.045000000000000005,0.8999999999820001,0.8999999999865,0,5.78110596377507,0.00046004221911233914,5.899384732928991,0.00044064385203719254,5.84024534835203
38,natops_train_142,0.25,small,8,1.0,0.1,0.025,0.2499999999975,9,1.0,0.05,0.0125,0.249999999995,0.24999999999625,0,6.2093801151587975,0.00044336719481061947,6.458253183309459,0.0004414398672992843,6.333816649234128
38,natops_train_142,0.5,mid,8,1.0,0.1,0.05,0.499999999995,9,1.0,0.05,0.025,0.49999999999,0.4999999999925,0,6.208460543581482,0.0004506970782039564,6.459726548030239,0.0004419889357202175,6.33409354580586
38,natops_train_142,0.9,edge,8,1.0,0.1,0.09000000000000001,0.899999999991,9,1.0,0.05,0.045000000000000005,0.8999999999820001,0.8999999999865,0,6.2064657418177624,0.00047384960448286923,6.462082773616868,0.0004429038583962719,6.334274257717315
39,natops_train_101,0.25,small,3,1.0,0.1,0.025,0.2499999999975,6,1.0,0.05,0.0125,0.249999999995,0.24999999999625,3,5.547062132635986,0.00044206026220290585,5.465573058721131,0.00044088755618051044,5.506317595678558
39,natops_train_101,0.5,mid,3,1.0,0.1,0.05,0.499999999995,6,1.0,0.05,0.025,0.49999999999,0.4999999999925,3,5.550017005139381,0.0004448926295147579,5.466399202092036,0.0004409263367665167,5.508208103615708
39,natops_train_101,0.9,edge,3,1.0,0.1,0.09000000000000001,0.899999999991,6,1.0,0.05,0.045000000000000005,0.8999999999820001,0.8999999999865,3,5.552526050271448,0.00045268307363499345,5.467712776915493,0.00044110896074851834,5.51011941359347
40,natops_train_109,0.25,small,3,1.0,0.1,0.025,0.2499999999975,9,1.0,0.05,0.0125,0.249999999995,0.24999999999625,3,5.7300312724120115,0.00044160626661131217,5.944581184806011,0.0004414641179260235,5.837306228609011
40,natops_train_109,0.5,mid,3,1.0,0.1,0.05,0.499999999995,9,1.0,0.05,0.025,0.49999999999,0.4999999999925,3,5.733954620366521,0.00044308021255379064,5.945624287322589,0.0004420748850182351,5.8397894538445545
40,natops_train_109,0.9,edge,3,1.0,0.1,0.09000000000000001,0.899999999991,9,1.0,0.05,0.045000000000000005,0.8999999999820001,0.8999999999865,3,5.740249824039066,0.00044701118985055165,5.947277610649142,0.00044316226359300266,5.843763717344103
41,natops_train_94,0.25,small,2,1.0,0.1,0.025,0.2499999999975,2,-1.0,0.05,0.0125,0.249999999995,0.24999999999625,0,5.787582690767859,0.00044264902461667506,6.111893834361553,0.00044087319881735656,5.949738262564706
41,natops_train_94,0.5,mid,2,1.0,0.1,0.05,0.499999999995,2,-1.0,0.05,0.025,0.49999999999,0.4999999999925,0,5.787896337962061,0.00044674960496722847,6.110601099609938,0.0004408607795913696,5.9492487187859995
41,natops_train_94,0.9,edge,2,1.0,0.1,0.09000000000000001,0.899999999991,2,-1.0,0.05,0.045000000000000005,0.8999999999820001,0.8999999999865,0,5.789496249500134,0.0004590168082587309,6.108534154898345,0.00044088760411079345,5.94901520219924
42,natops_train_136,0.25,small,4,1.0,0.1,0.025,0.2499999999975,9,1.0,0.05,0.0125,0.249999999995,0.24999999999625,5,5.5724533712699245,0.0004425552530573392,5.630469380675355,0.0004414499179771601,5.60146137597264
42,natops_train_136,0.5,mid,4,1.0,0.1,0.05,0.499999999995,9,1.0,0.05,0.025,0.49999999999,0.4999999999925,5,5.572578901945611,0.0004472235313547737,5.632267323222917,0.0004420233613045137,5.602423112584264
42,natops_train_136,0.9,edge,4,1.0,0.1,0.09000000000000001,0.899999999991,9,1.0,0.05,0.045000000000000005,0.8999999999820001,0.8999999999865,5,5.575014713348661,0.0004616759479644369,5.635140247769798,0.0004430062752392313,5.605077480559229
43,natops_train_61,0.25,small,9,-1.0,0.1,0.025,0.2499999999975,3,1.0,0.05,0.0125,0.249999999995,0.24999999999625,4,5.6257925999175855,0.00044292502941868693,5.509051587442974,0.00044101759296773935,5.56742209368028
43,natops_train_61,0.5,mid,9,-1.0,0.1,0.05,0.499999999995,3,1.0,0.05,0.025,0.49999999999,0.4999999999925,4,5.625696493939616,0.00044935344493802484,5.509189492493481,0.0004411679602903387,5.567442993216549
43,natops_train_61,0.9,edge,9,-1.0,0.1,0.09000000000000001,0.899999999991,3,1.0,0.05,0.045000000000000005,0.8999999999820001,0.8999999999865,4,5.62651811643572,0.0004701398979683849,5.509415649704831,0.00044149538221199114,5.567966883070275
44,natops_train_59,0.25,small,2,-1.0,0.1,0.025,0.2499999999975,4,1.0,0.05,0.0125,0.249999999995,0.24999999999625,4,5.676066864603886,0.0004419682794953899,5.644111192624178,0.00044099690235601476,5.660089028614031
44,natops_train_59,0.5,mid,2,-1.0,0.1,0.05,0.499999999995,4,1.0,0.05,0.025,0.49999999999,0.4999999999925,4,5.6758832129996435,0.0004463138904526983,5.642165214090326,0.00044115325842948876,5.659024213544985
44,natops_train_59,0.9,edge,2,-1.0,0.1,0.09000000000000001,0.899999999991,4,1.0,0.05,0.045000000000000005,0.8999999999820001,0.8999999999865,4,5.67283557110787,0.00045990255570222847,5.639046348348579,0.00044154463523706384,5.655940959728225
45,natops_train_26,0.25,small,5,-1.0,0.1,0.025,0.2499999999975,0,-1.0,0.05,0.0125,0.249999999995,0.24999999999625,2,5.8890312448084075,0.0004443365558431905,6.106801919768935,0.00044071201239789733,5.997916582288671
45,natops_train_26,0.5,mid,5,-1.0,0.1,0.05,0.499999999995,0,-1.0,0.05,0.025,0.49999999999,0.4999999999925,2,5.891353831103525,0.00045435118520433725,6.1060656106798845,0.000440538904410435,5.998709720891705
45,natops_train_26,0.9,edge,5,-1.0,0.1,0.09000000000000001,0.899999999991,0,-1.0,0.05,0.045000000000000005,0.8999999999820001,0.8999999999865,2,5.895348008683121,0.000487707669434483,6.1048851842514145,0.00044030972368984183,6.000116596467268
46,natops_train_129,0.25,small,9,1.0,0.1,0.025,0.2499999999975,0,1.0,0.05,0.0125,0.249999999995,0.24999999999625,3,5.7452076364552545,0.00044361204991032145,5.616716714972629,0.000441136928301718,5.680962175713942
46,natops_train_129,0.5,mid,9,1.0,0.1,0.05,0.499999999995,0,1.0,0.05,0.025,0.49999999999,0.4999999999925,3,5.7457903425485926,0.0004513995462800721,5.617640352962845,0.00044141012330290916,5.681715347755719
46,natops_train_129,0.9,edge,9,1.0,0.1,0.09000000000000001,0.899999999991,0,1.0,0.05,0.045000000000000005,0.8999999999820001,0.8999999999865,3,5.7489691617210115,0.0004759993796273144,5.6190988432621385,0.0004419378074720366,5.684034002491575
47,natops_train_169,0.25,small,5,-1.0,0.1,0.025,0.2499999999975,9,-1.0,0.05,0.0125,0.249999999995,0.24999999999625,4,5.526565849596397,0.0004420995521329992,5.383910416032079,0.00044040738477112395,5.455238132814238
47,natops_train_169,0.5,mid,5,-1.0,0.1,0.05,0.499999999995,9,-1.0,0.05,0.025,0.49999999999,0.4999999999925,4,5.529338503106748,0.00044488565087306124,5.38306660804834,0.0004399705090289812,5.456202555577544
47,natops_train_169,0.9,edge,5,-1.0,0.1,0.09000000000000001,0.899999999991,9,-1.0,0.05,0.045000000000000005,0.8999999999820001,0.8999999999865,4,5.536022873280512,0.00045303842912931954,5.381705115050571,0.0004393981611896285,5.458863994165542
48,natops_train_152,0.25,small,5,-1.0,0.1,0.025,0.2499999999975,3,-1.0,0.05,0.0125,0.249999999995,0.24999999999625,4,5.54692496013342,0.00044285027324409776,5.24773126843257,0.0004408398559161634,5.397328114282995
48,natops_train_152,0.5,mid,5,-1.0,0.1,0.05,0.499999999995,3,-1.0,0.05,0.025,0.49999999999,0.4999999999925,4,5.54748715426549,0.0004478410890815939,5.247450802693489,0.0004408130210048265,5.397468978479489
48,natops_train_152,0.9,edge,5,-1.0,0.1,0.09000000000000001,0.899999999991,3,-1.0,0.05,0.045000000000000005,0.8999999999820001,0.8999999999865,4,5.550300321786914,0.0004628475847660446,5.2470040189684335,0.0004408566126527391,5.398652170377673
49,natops_train_92,0.25,small,1,-1.0,0.1,0.025,0.2499999999975,8,1.0,0.05,0.0125,0.249999999995,0.24999999999625,0,5.791195965562706,0.00044246070021110556,6.178897678398403,0.00044079777125153246,5.985046821980555
49,natops_train_92,0.5,mid,1,-1.0,0.1,0.05,0.499999999995,8,1.0,0.05,0.025,0.49999999999,0.4999999999925,0,5.789527258940283,0.0004477110952624356,6.178424647438994,0.0004407159229611774,5.983975953189638
49,natops_train_92,0.9,edge,1,-1.0,0.1,0.09000000000000001,0.899999999991,8,1.0,0.05,0.045000000000000005,0.8999999999820001,0.8999999999865,0,5.786784161314913,0.0004647041368273177,6.177670010800032,0.00044064414957128767,5.982227086057472
50,natops_train_51,0.25,small,2,1.0,0.1,0.025,0.2499999999975,1,1.0,0.05,0.0125,0.249999999995,0.24999999999625,0,5.836072290235469,0.00044289231708136525,6.024077383832906,0.0004411055666711405,5.930074837034187
50,natops_train_51,0.5,mid,2,1.0,0.1,0.05,0.499999999995,1,1.0,0.05,0.025,0.49999999999,0.4999999999925,0,5.836815276567079,0.0004479238966382817,6.025156843734786,0.00044132191827918164,5.930986060150932
50,natops_train_51,0.9,edge,2,1.0,0.1,0.09000000000000001,0.899999999991,1,1.0,0.05,0.045000000000000005,0.8999999999820001,0.8999999999865,0,5.837309665250537,0.0004630980972223882,6.026884678320036,0.0004417073976633897,5.932097171785286
51,natops_train_170,0.25,small,4,1.0,0.1,0.025,0.2499999999975,4,1.0,0.05,0.0125,0.249999999995,0.24999999999625,3,5.661323368717511,0.00044156673952029977,5.400442141653065,0.0004409867370146919,5.530882755185289
51,natops_train_170,0.5,mid,4,1.0,0.1,0.05,0.499999999995,4,1.0,0.05,0.025,0.49999999999,0.4999999999925,3,5.663236362076788,0.0004432571527711802,5.399948192413208,0.0004411323511731088,5.531592277244998
51,natops_train_170,0.9,edge,4,1.0,0.1,0.09000000000000001,0.899999999991,4,1.0,0.05,0.045000000000000005,0.8999999999820001,0.8999999999865,3,5.66621345295651,0.0004481435495082972,5.399149522928258,0.0004415059649587982,5.532681487942384
52,natops_train_78,0.25,small,0,1.0,0.1,0.025,0.2499999999975,8,1.0,0.05,0.0125,0.249999999995,0.24999999999625,2,5.65423274542516,0.00044227847100539755,6.09240437415394,0.00044079519828331626,5.87331855978955
52,natops_train_78,0.5,mid,0,1.0,0.1,0.05,0.499999999995,8,1.0,0.05,0.025,0.49999999999,0.4999999999925,2,5.656495771395066,0.0004450967489465742,6.091759279137021,0.00044070135256219975,5.874127525266044
52,natops_train_78,0.9,edge,0,1.0,0.1,0.09000000000000001,0.899999999991,8,1.0,0.05,0.045000000000000005,0.8999999999820001,0.8999999999865,2,5.659665953392094,0.0004526615168971604,6.090721491881776,0.0004405911065252037,5.875193722636935
53,natops_train_14,0.25,small,6,-1.0,0.1,0.025,0.2499999999975,3,-1.0,0.05,0.0125,0.249999999995,0.24999999999625,2,5.715582117775434,0.0004416682463622867,6.03786114208768,0.0004408305646862713,5.8767216299315574
53,natops_train_14,0.5,mid,6,-1.0,0.1,0.05,0.499999999995,3,-1.0,0.05,0.025,0.49999999999,0.4999999999925,2,5.713957452371589,0.0004453659809461432,6.0384673212679445,0.00044077551428037254,5.876212386819766
53,natops_train_14,0.9,edge,6,-1.0,0.1,0.09000000000000001,0.899999999991,3,-1.0,0.05,0.045000000000000005,0.8999999999820001,0.8999999999865,2,5.7120032769024816,0.00045805955430477843,6.039440501636652,0.00044073477089883595,5.875721889269567
54,natops_train_39,0.25,small,9,1.0,0.1,0.025,0.2499999999975,7,1.0,0.05,0.0125,0.249999999995,0.24999999999625,5,5.642039111800422,0.00044163213331986195,5.9659881636468866,0.0004411888399822375,5.804013637723655
54,natops_train_39,0.5,mid,9,1.0,0.1,0.05,0.499999999995,7,1.0,0.05,0.025,0.49999999999,0.4999999999925,5,5.639152082238865,0.00044345372009406474,5.965949906737018,0.00044150866257040334,5.802550994487941
54,natops_train_39,0.9,edge,9,1.0,0.1,0.09000000000000001,0.899999999991,7,1.0,0.05,0.045000000000000005,0.8999999999820001,0.8999999999865,5,5.633509705221172,0.0004485785566724383,5.9658907322612516,0.0004421010430795729,5.799700218741211
55,natops_train_88,0.25,small,9,1.0,0.1,0.025,0.2499999999975,7,1.0,0.05,0.0125,0.249999999995,0.24999999999625,5,5.769999644086413,0.0004427627140916366,5.614180600584937,0.0004411876260943822,5.692090122335674
55,natops_train_88,0.5,mid,9,1.0,0.1,0.05,0.499999999995,7,1.0,0.05,0.025,0.49999999999,0.4999999999925,5,5.768885554175897,0.00044771670193099355,5.614629576904665,0.000441506321697526,5.691757565540281
55,natops_train_88,0.9,edge,9,1.0,0.1,0.09000000000000001,0.899999999991,7,1.0,0.05,0.045000000000000005,0.8999999999820001,0.8999999999865,5,5.7673038898541575,0.0004627654935741393,5.615349975576119,0.00044209876032485617,5.691326932715138
56,natops_train_62,0.25,small,4,1.0,0.1,0.025,0.2499999999975,7,-1.0,0.05,0.0125,0.249999999995,0.24999999999625,1,5.953893015358425,0.000442228904695748,5.993516082467892,0.0004406606263216565,5.973704548913158
56,natops_train_62,0.5,mid,4,1.0,0.1,0.05,0.499999999995,7,-1.0,0.05,0.025,0.49999999999,0.4999999999925,1,5.957215838848088,0.00044596166190198866,5.993350159553147,0.0004404359254443089,5.975282999200617
56,natops_train_62,0.9,edge,4,1.0,0.1,0.09000000000000001,0.899999999991,7,-1.0,0.05,0.045000000000000005,0.8999999999820001,0.8999999999865,1,5.962755908807795,0.0004575920067577517,5.993085942042858,0.00044012427303544225,5.977920925425327
57,natops_train_119,0.25,small,3,1.0,0.1,0.025,0.2499999999975,7,1.0,0.05,0.0125,0.249999999995,0.24999999999625,5,5.791237989768411,0.00044179375457856327,5.706124122484151,0.000441188770650891,5.748681056126281
57,natops_train_119,0.5,mid,3,1.0,0.1,0.05,0.499999999995,7,1.0,0.05,0.025,0.49999999999,0.4999999999925,5,5.793123188467829,0.00044380232191903747,5.7063957836108115,0.00044150770480417623,5.74975948603932
57,natops_train_119,0.9,edge,3,1.0,0.1,0.09000000000000001,0.899999999991,7,1.0,0.05,0.045000000000000005,0.8999999999820001,0.8999999999865,5,5.7961018709403636,0.0004493168913505555,5.7068363494960455,0.00044209808037751333,5.7514691102182045
58,natops_train_177,0.25,small,0,1.0,0.1,0.025,0.2499999999975,2,-1.0,0.05,0.0125,0.249999999995,0.24999999999625,0,6.112490981877664,0.0004422007484795576,6.350013672885861,0.00044088042028078483,6.231252327381762
58,natops_train_177,0.5,mid,0,1.0,0.1,0.05,0.499999999995,2,-1.0,0.05,0.025,0.49999999999,0.4999999999925,0,6.116800221855277,0.00044498284281258395,6.348750608975105,0.00044088572340929315,6.23277541541519
58,natops_train_177,0.9,edge,0,1.0,0.1,0.09000000000000001,0.899999999991,2,-1.0,0.05,0.045000000000000005,0.8999999999820001,0.8999999999865,0,6.1228842697836585,0.0004523324407968643,6.346727068454931,0.00044096346624136203,6.234805669119295
59,natops_train_146,0.25,small,4,1.0,0.1,0.025,0.2499999999975,3,1.0,0.05,0.0125,0.249999999995,0.24999999999625,5,5.854763449629932,0.00044201039626842243,5.636110488107191,0.00044101912181277727,5.745436968868561
59,natops_train_146,0.5,mid,4,1.0,0.1,0.05,0.499999999995,3,1.0,0.05,0.025,0.49999999999,0.4999999999925,5,5.85634769602505,0.0004449226775449128,5.636288619850726,0.0004411785636290694,5.746318157937887
59,natops_train_146,0.9,edge,4,1.0,0.1,0.09000000000000001,0.899999999991,3,1.0,0.05,0.045000000000000005,0.8999999999820001,0.8999999999865,5,5.859254933628454,0.0004536207831273236,5.636576849510875,0.000441535050778409,5.747915891569664
60,natops_train_111,0.25,small,7,1.0,0.1,0.025,0.2499999999975,3,-1.0,0.05,0.0125,0.249999999995,0.24999999999625,3,5.49349211251694,0.00044292885062712195,5.453514954459739,0.00044084911389880694,5.473503533488339
60,natops_train_111,0.5,mid,7,1.0,0.1,0.05,0.499999999995,3,-1.0,0.05,0.025,0.49999999999,0.4999999999925,3,5.490417638777965,0.00044866339247231205,5.453269330496516,0.00044084291617523246,5.47184348463724
60,natops_train_111,0.9,edge,7,1.0,0.1,0.09000000000000001,0.899999999991,3,-1.0,0.05,0.045000000000000005,0.8999999999820001,0.8999999999865,3,5.487935465854569,0.0004665457266631413,5.452872006444991,0.0004409426695454343,5.47040373614978
61,natops_train_127,0.25,small,5,1.0,0.1,0.025,0.2499999999975,0,1.0,0.05,0.0125,0.249999999995,0.24999999999625,0,6.120757057779519,0.0004432943391337134,6.454125220452984,0.00044112997746701814,6.287441139116252
61,natops_train_127,0.5,mid,5,1.0,0.1,0.05,0.499999999995,0,1.0,0.05,0.025,0.49999999999,0.4999999999925,0,6.118782318605918,0.00045142954484151966,6.455354106578487,0.00044139039525125355,6.287068212592203
61,natops_train_127,0.9,edge,5,1.0,0.1,0.09000000000000001,0.899999999991,0,1.0,0.05,0.045000000000000005,0.8999999999820001,0.8999999999865,0,6.114750707450703,0.00047823751764500564,6.457329653687905,0.0004418877247134573,6.286040180569304
62,natops_train_84,0.25,small,1,1.0,0.1,0.025,0.2499999999975,0,1.0,0.05,0.0125,0.249999999995,0.24999999999625,1,6.096649871246303,0.0004427053535610368,6.345894764544579,0.00044111844229530623,6.2212723178954406
62,natops_train_84,0.5,mid,1,1.0,0.1,0.05,0.499999999995,0,1.0,0.05,0.025,0.49999999999,0.4999999999925,1,6.097132924302579,0.00044763969187147667,6.3470680573471965,0.00044134477077332573,6.222100490824888
62,natops_train_84,0.9,edge,1,1.0,0.1,0.09000000000000001,0.899999999991,0,1.0,0.05,0.045000000000000005,0.8999999999820001,0.8999999999865,1,6.098522112260239,0.00046289022099985766,6.348947868631267,0.00044174036817158185,6.223734990445753
63,natops_train_91,0.25,small,6,1.0,0.1,0.025,0.2499999999975,7,1.0,0.05,0.0125,0.249999999995,0.24999999999625,2,5.896155510685537,0.0004425438644518329,6.102901337336749,0.00044118419325446854,5.999528424011142
63,natops_train_91,0.5,mid,6,1.0,0.1,0.05,0.499999999995,7,1.0,0.05,0.025,0.49999999999,0.4999999999925,2,5.900400732817319,0.00044618780525559003,6.1024896450431205,0.00044148059109998396,6.001445188930219
63,natops_train_91,0.9,edge,6,1.0,0.1,0.09000000000000001,0.899999999991,7,1.0,0.05,0.045000000000000005,0.8999999999820001,0.8999999999865,2,5.907709641732976,0.00045667382238376606,6.10183589116363,0.00044199743764240183,6.004772766448303
64,natops_train_158,0.25,small,0,-1.0,0.1,0.025,0.2499999999975,6,1.0,0.05,0.0125,0.249999999995,0.24999999999625,1,5.830742659949004,0.00044088459362046615,6.547337546761802,0.00044088354179240634,6.189040103355403
64,natops_train_158,0.5,mid,0,-1.0,0.1,0.05,0.499999999995,6,1.0,0.05,0.025,0.49999999999,0.4999999999925,1,5.829733097167609,0.0004421329273596923,6.5463766064188205,0.0004408817809569822,6.188054851793215
64,natops_train_158,0.9,edge,0,-1.0,0.1,0.09000000000000001,0.899999999991,6,1.0,0.05,0.045000000000000005,0.8999999999820001,0.8999999999865,1,5.828476861286345,0.00044695763983043565,6.544848682071734,0.000440926532604198,6.186662771679039
65,natops_train_137,0.25,small,7,1.0,0.1,0.025,0.2499999999975,8,-1.0,0.05,0.0125,0.249999999995,0.24999999999625,3,5.487491268201002,0.000442544021240077,5.372880191255643,0.0004410651410531058,5.430185729728322
65,natops_train_137,0.5,mid,7,1.0,0.1,0.05,0.499999999995,8,-1.0,0.05,0.025,0.49999999999,0.4999999999925,3,5.484833943192944,0.0004470412634319611,5.3743179914317345,0.00044129638804992426,5.429575967312339
65,natops_train_137,0.9,edge,7,1.0,0.1,0.09000000000000001,0.899999999991,8,-1.0,0.05,0.045000000000000005,0.8999999999820001,0.8999999999865,3,5.482153257179405,0.00046122661756996475,5.376610097364143,0.00044181943812719195,5.429381677271774
66,natops_train_165,0.25,small,5,1.0,0.1,0.025,0.2499999999975,6,1.0,0.05,0.0125,0.249999999995,0.24999999999625,3,5.69234753356406,0.0004414280350647856,5.820085975529167,0.0004408949058100704,5.756216754546614
66,natops_train_165,0.5,mid,5,1.0,0.1,0.05,0.499999999995,6,1.0,0.05,0.025,0.49999999999,0.4999999999925,3,5.686188976673937,0.00044375253590862,5.8204867554627,0.0004409546194809547,5.7533378660683185
66,natops_train_165,0.9,edge,5,1.0,0.1,0.09000000000000001,0.899999999991,6,1.0,0.05,0.045000000000000005,0.8999999999820001,0.8999999999865,3,5.674736589673035,0.000450968545223438,5.82111910562489,0.0004412005805115369,5.747927847648962
67,natops_train_174,0.25,small,1,1.0,0.1,0.025,0.2499999999975,1,1.0,0.05,0.0125,0.249999999995,0.24999999999625,3,5.577892317888497,0.00044193089413681764,5.473332146041612,0.00044113579575006973,5.525612231965054
67,natops_train_174,0.5,mid,1,1.0,0.1,0.05,0.499999999995,1,1.0,0.05,0.025,0.49999999999,0.4999999999925,3,5.580093164682925,0.00044468228968723347,5.472938927687771,0.0004414216030436842,5.526516046185348
67,natops_train_174,0.9,edge,1,1.0,0.1,0.09000000000000001,0.899999999991,1,1.0,0.05,0.045000000000000005,0.8999999999820001,0.8999999999865,3,5.582633334131456,0.0004525170344886791,5.472309994754903,0.00044200128726125946,5.52747166444318
68,natops_train_76,0.25,small,1,-1.0,0.1,0.025,0.2499999999975,3,1.0,0.05,0.0125,0.249999999995,0.24999999999625,1,5.745185233948597,0.00044180586118621325,6.086103779926783,0.0004410085879201207,5.91564450693769
68,natops_train_76,0.5,mid,1,-1.0,0.1,0.05,0.499999999995,3,1.0,0.05,0.025,0.49999999999,0.4999999999925,1,5.7426343188949796,0.0004449371528228642,6.085568516883057,0.0004411266571308162,5.914101417889018
68,natops_train_76,0.9,edge,1,-1.0,0.1,0.09000000000000001,0.899999999991,3,1.0,0.05,0.045000000000000005,0.8999999999820001,0.8999999999865,1,5.738756680474095,0.00045507695610380345,6.084719209086389,0.0004413524412185767,5.911737944780242
69,natops_train_36,0.25,small,8,1.0,0.1,0.025,0.2499999999975,9,1.0,0.05,0.0125,0.249999999995,0.24999999999625,2,5.851393055963998,0.0004424407273301796,6.120535558781918,0.0004414543228830641,5.985964307372958
69,natops_train_36,0.5,mid,8,1.0,0.1,0.05,0.499999999995,9,1.0,0.05,0.025,0.49999999999,0.4999999999925,2,5.84919592600067,0.00044680734959309603,6.120451172231304,0.0004420183802268101,5.984823549115987
69,natops_train_36,0.9,edge,8,1.0,0.1,0.09000000000000001,0.899999999991,9,1.0,0.05,0.045000000000000005,0.8999999999820001,0.8999999999865,2,5.8460497771451125,0.0004602921403865261,6.120310599464451,0.0004429584816544919,5.983180188304782
70,natops_train_100,0.25,small,3,1.0,0.1,0.025,0.2499999999975,0,-1.0,0.05,0.0125,0.249999999995,0.24999999999625,5,5.669497980564334,0.00044194138573163067,5.746055777976613,0.0004407377959008935,5.707776879270474
70,natops_train_100,0.5,mid,3,1.0,0.1,0.05,0.499999999995,0,-1.0,0.05,0.025,0.49999999999,0.4999999999925,5,5.670528740141617,0.00044427443735434483,5.743777819626955,0.0004406193277134443,5.707153279884286
70,natops_train_100,0.9,edge,3,1.0,0.1,0.09000000000000001,0.899999999991,0,-1.0,0.05,0.045000000000000005,0.8999999999820001,0.8999999999865,5,5.674614135884156,0.00045110184272928726,5.740124332397326,0.0004405368787730243,5.707369234140741
71,natops_train_166,0.25,small,0,1.0,0.1,0.025,0.2499999999975,2,1.0,0.05,0.0125,0.249999999995,0.24999999999625,4,5.506178160819452,0.0004427732384981009,5.510177876202304,0.00044100439462596894,5.508178018510878
71,natops_train_166,0.5,mid,0,1.0,0.1,0.05,0.499999999995,2,1.0,0.05,0.025,0.49999999999,0.4999999999925,4,5.501863351195693,0.00044686827833870853,5.509778967092126,0.00044117269900438095,5.50582115914391
71,natops_train_166,0.9,edge,0,1.0,0.1,0.09000000000000001,0.899999999991,2,1.0,0.05,0.045000000000000005,0.8999999999820001,0.8999999999865,4,5.494409978080777,0.00045838333748003744,5.5091453273546644,0.0004415926030215192,5.5017776527177205
72,natops_train_37,0.25,small,8,1.0,0.1,0.025,0.2499999999975,6,1.0,0.05,0.0125,0.249999999995,0.24999999999625,0,6.1042119205538405,0.000443116514978225,6.293293966152778,0.00044088466541413775,6.198752943353309
72,natops_train_37,0.5,mid,8,1.0,0.1,0.05,0.499999999995,6,1.0,0.05,0.025,0.49999999999,0.4999999999925,0,6.103551242109933,0.0004495724333035514,6.292183356066419,0.00044088714774951016,6.197867299088176
72,natops_train_37,0.9,edge,8,1.0,0.1,0.09000000000000001,0.899999999991,6,1.0,0.05,0.045000000000000005,0.8999999999820001,0.8999999999865,0,6.102633467315119,0.0004699366368221874,6.290420962844181,0.0004409452178886625,6.19652721507965
73,natops_train_104,0.25,small,9,-1.0,0.1,0.025,0.2499999999975,6,1.0,0.05,0.0125,0.249999999995,0.24999999999625,1,6.053279421900826,0.0004423111646314724,6.193489257491897,0.00044088833556468407,6.123384339696361
73,natops_train_104,0.5,mid,9,-1.0,0.1,0.05,0.499999999995,6,1.0,0.05,0.025,0.49999999999,0.4999999999925,1,6.05187984314132,0.00044687823399274716,6.192686863546335,0.00044090207133170206,6.1222833533438275
73,natops_train_104,0.9,edge,9,-1.0,0.1,0.09000000000000001,0.899999999991,6,1.0,0.05,0.045000000000000005,0.8999999999820001,0.8999999999865,1,6.050183553250493,0.00046163168539497965,6.191408252005979,0.0004409936541963642,6.120795902628236
74,natops_train_11,0.25,small,2,1.0,0.1,0.025,0.2499999999975,7,-1.0,0.05,0.0125,0.249999999995,0.24999999999625,0,6.011522523942176,0.00044259713159686186,6.311805705133429,0.0004406569597902865,6.161664114537802
74,natops_train_11,0.5,mid,2,1.0,0.1,0.05,0.499999999995,7,-1.0,0.05,0.025,0.49999999999,0.4999999999925,0,6.014892759698275,0.00044725005423614124,6.3116039109029725,0.0004404222638657007,6.163248335300624
74,natops_train_11,0.9,edge,2,1.0,0.1,0.09000000000000001,0.899999999991,7,-1.0,0.05,0.045000000000000005,0.8999999999820001,0.8999999999865,0,6.0162390295676484,0.0004605677118139804,6.311288585173605,0.00044008092411820457,6.163763807370627
75,natops_train_48,0.25,small,5,1.0,0.1,0.025,0.2499999999975,2,1.0,0.05,0.0125,0.249999999995,0.24999999999625,0,5.7395950959176725,0.0004423468403860775,5.917207143101239,0.00044096174050791564,5.828401119509456
75,natops_train_48,0.5,mid,5,1.0,0.1,0.05,0.499999999995,2,1.0,0.05,0.025,0.49999999999,0.4999999999925,0,5.738428132703867,0.0004474865243901213,5.919107843171323,0.0004410357212721982,5.828767987937596
75,natops_train_48,0.9,edge,5,1.0,0.1,0.09000000000000001,0.899999999991,2,1.0,0.05,0.045000000000000005,0.8999999999820001,0.8999999999865,0,5.73706919183091,0.00046432679670085144,5.922143501124194,0.0004411965472714957,5.8296063464775525
76,natops_train_82,0.25,small,8,1.0,0.1,0.025,0.2499999999975,5,-1.0,0.05,0.0125,0.249999999995,0.24999999999625,1,5.872905161988261,0.0004419462442282934,6.705176922460189,0.00044089386640260237,6.289041042224225
76,natops_train_82,0.5,mid,8,1.0,0.1,0.05,0.499999999995,5,-1.0,0.05,0.025,0.49999999999,0.4999999999925,1,5.8703597543185255,0.00044482500152024426,6.704883383053053,0.0004409168619912847,6.28762156868579
76,natops_train_82,0.9,edge,8,1.0,0.1,0.09000000000000001,0.899999999991,5,-1.0,0.05,0.045000000000000005,0.8999999999820001,0.8999999999865,1,5.866195179018373,0.00045341701474217266,6.704425942818493,0.0004410301607765069,6.2853105609184325
77,natops_train_121,0.25,small,1,1.0,0.1,0.025,0.2499999999975,1,1.0,0.05,0.0125,0.249999999995,0.24999999999625,0,5.766097663751799,0.00044255850960208244,5.99776898781165,0.00044111499039418213,5.881933325781724
77,natops_train_121,0.5,mid,1,1.0,0.1,0.05,0.499999999995,1,1.0,0.05,0.025,0.49999999999,0.4999999999925,0,5.768547043538198,0.0004471153112136266,5.99794271373523,0.0004413458783528242,5.883244878636714
77,natops_train_121,0.9,edge,1,1.0,0.1,0.09000000000000001,0.899999999991,1,1.0,0.05,0.045000000000000005,0.8999999999820001,0.8999999999865,0,5.7715206028331645,0.000460662460688291,5.9982201176251495,0.00044176508907159043,5.884870360229157
78,natops_train_162,0.25,small,3,1.0,0.1,0.025,0.2499999999975,2,1.0,0.05,0.0125,0.249999999995,0.24999999999625,1,6.176311875420609,0.0004418460376977452,6.436936380022809,0.0004409632541986582,6.306624127721709
78,natops_train_162,0.5,mid,3,1.0,0.1,0.05,0.499999999995,2,1.0,0.05,0.025,0.49999999999,0.4999999999925,1,6.178992020724053,0.00044406008348771335,6.4385483144480045,0.0004410413336262632,6.308770167586029
78,natops_train_162,0.9,edge,3,1.0,0.1,0.09000000000000001,0.899999999991,2,1.0,0.05,0.045000000000000005,0.8999999999820001,0.8999999999865,1,6.182899750535355,0.00045023801690046654,6.441135525409325,0.00044121415733162163,6.31201763797234
79,natops_train_103,0.25,small,9,1.0,0.1,0.025,0.2499999999975,5,1.0,0.05,0.0125,0.249999999995,0.24999999999625,0,5.990586488058932,0.000442410230153425,6.187160130384552,0.0004409545104917996,6.088873309221742
79,natops_train_103,0.5,mid,9,1.0,0.1,0.05,0.499999999995,5,1.0,0.05,0.025,0.49999999999,0.4999999999925,0,5.991515167555339,0.00044653979533554794,6.187682451857634,0.00044103534207317756,6.089598809706486
79,natops_train_103,0.9,edge,9,1.0,0.1,0.09000000000000001,0.899999999991,5,1.0,0.05,0.045000000000000005,0.8999999999820001,0.8999999999865,0,5.9935421663980994,0.00045907999474449217,6.188529947048017,0.00044123729185164857,6.091036056723058
80,natops_train_97,0.25,small,8,1.0,0.1,0.025,0.2499999999975,9,1.0,0.05,0.0125,0.249999999995,0.24999999999625,5,6.007922410141735,0.00044184906483214005,6.002456687720383,0.00044143932309917205,6.0051895489310585
80,natops_train_97,0.5,mid,8,1.0,0.1,0.05,0.499999999995,9,1.0,0.05,0.025,0.49999999999,0.4999999999925,5,6.00433813108793,0.0004444205186874341,6.005168464951568,0.0004419992627106317,6.004753298019748
80,natops_train_97,0.9,edge,8,1.0,0.1,0.09000000000000001,0.899999999991,9,1.0,0.05,0.045000000000000005,0.8999999999820001,0.8999999999865,5,5.998481810396806,0.0004519649537945013,6.009508140509522,0.0004429550390538574,6.003994975453164
81,natops_train_113,0.25,small,2,-1.0,0.1,0.025,0.2499999999975,4,-1.0,0.05,0.0125,0.249999999995,0.24999999999625,2,6.348977374222898,0.00044134260257696435,6.758744175067364,0.000440875500411647,6.5538607746451305
81,natops_train_113,0.5,mid,2,-1.0,0.1,0.05,0.499999999995,4,-1.0,0.05,0.025,0.49999999999,0.4999999999925,2,6.347780694234962,0.00044368407802001456,6.758777846647328,0.00044086259767025555,6.553279270441145
81,natops_train_113,0.9,edge,2,-1.0,0.1,0.09000000000000001,0.899999999991,4,-1.0,0.05,0.045000000000000005,0.8999999999820001,0.8999999999865,2,6.345945016260986,0.00045156180215928546,6.758847735692405,0.00044088306314011243,6.552396375976695
82,natops_train_15,0.25,small,6,1.0,0.1,0.025,0.2499999999975,1,1.0,0.05,0.0125,0.249999999995,0.24999999999625,1,5.607974643693659,0.0004428505524771272,5.794106576579449,0.0004411120921606358,5.701040610136554
82,natops_train_15,0.5,mid,6,1.0,0.1,0.05,0.499999999995,1,1.0,0.05,0.025,0.49999999999,0.4999999999925,1,5.610410955090917,0.0004474950413289397,5.7949384025464665,0.00044133657762762565,5.702674678818692
82,natops_train_15,0.9,edge,6,1.0,0.1,0.09000000000000001,0.899999999991,1,1.0,0.05,0.045000000000000005,0.8999999999820001,0.8999999999865,1,5.614047533461773,0.00046111230806973635,5.796265575722826,0.00044173862909379047,5.7051565545923
83,natops_train_34,0.25,small,9,1.0,0.1,0.025,0.2499999999975,6,1.0,0.05,0.0125,0.249999999995,0.24999999999625,3,5.452589979306094,0.000443454003975205,5.31651774612676,0.0004408978583139907,5.384553862716427
83,natops_train_34,0.5,mid,9,1.0,0.1,0.05,0.499999999995,6,1.0,0.05,0.025,0.49999999999,0.4999999999925,3,5.452538954781103,0.0004507424472478852,5.315667391915126,0.00044094332381816825,5.384103173348114
83,natops_train_34,0.9,edge,9,1.0,0.1,0.09000000000000001,0.899999999991,6,1.0,0.05,0.045000000000000005,0.8999999999820001,0.8999999999865,3,5.453606367712498,0.0004734172588908719,5.314296446892707,0.00044112939093721425,5.383951407302603
84,natops_train_2,0.25,small,9,1.0,0.1,0.025,0.2499999999975,4,-1.0,0.05,0.0125,0.249999999995,0.24999999999625,2,6.273937567551005,0.0004418066194666331,6.5238078660798156,0.0004408726943968421,6.3988727168154105
84,natops_train_2,0.5,mid,9,1.0,0.1,0.05,0.499999999995,4,-1.0,0.05,0.025,0.49999999999,0.4999999999925,2,6.276507627790448,0.0004441937290604353,6.524499163794168,0.0004408583872125963,6.400503395792308
84,natops_train_2,0.9,edge,9,1.0,0.1,0.09000000000000001,0.899999999991,4,-1.0,0.05,0.045000000000000005,0.8999999999820001,0.8999999999865,2,6.280454802258892,0.0004512501439669261,6.5256136505727245,0.00044087926933522424,6.403034226415809
85,natops_train_49,0.25,small,4,1.0,0.1,0.025,0.2499999999975,5,-1.0,0.05,0.0125,0.249999999995,0.24999999999625,5,5.71379694507213,0.0004420692289924677,5.789830607627726,0.0004408874657672807,5.751813776349929
85,natops_train_49,0.5,mid,4,1.0,0.1,0.05,0.499999999995,5,-1.0,0.05,0.025,0.49999999999,0.4999999999925,5,5.716406988246355,0.00044530750930631716,5.790277324183277,0.0004408996652107197,5.753342156214816
85,natops_train_49,0.9,edge,4,1.0,0.1,0.09000000000000001,0.899999999991,5,-1.0,0.05,0.045000000000000005,0.8999999999820001,0.8999999999865,5,5.7207946043070645,0.00045517587554341234,5.790990752970514,0.0004409877615801572,5.755892678638789
86,natops_train_99,0.25,small,5,-1.0,0.1,0.025,0.2499999999975,7,1.0,0.05,0.0125,0.249999999995,0.24999999999625,4,5.570367542763405,0.0004424313679497641,5.666040882394427,0.0004412071009792941,5.618204212578916
86,natops_train_99,0.5,mid,5,-1.0,0.1,0.05,0.499999999995,7,1.0,0.05,0.025,0.49999999999,0.4999999999925,4,5.5712120067474435,0.0004461137619541636,5.666474074195997,0.0004415845861502265,5.61884304047172
86,natops_train_99,0.9,edge,5,-1.0,0.1,0.09000000000000001,0.899999999991,7,1.0,0.05,0.045000000000000005,0.8999999999820001,0.8999999999865,4,5.574626855634158,0.0004570467121677896,5.667167299165423,0.00044235312247961893,5.620897077399791
87,natops_train_89,0.25,small,9,1.0,0.1,0.025,0.2499999999975,1,1.0,0.05,0.0125,0.249999999995,0.24999999999625,3,5.502447001992022,0.00044323530095074555,5.439361985469832,0.00044113861556785834,5.470904493730927
87,natops_train_89,0.5,mid,9,1.0,0.1,0.05,0.499999999995,1,1.0,0.05,0.025,0.49999999999,0.4999999999925,3,5.504679017310986,0.00044997779575250426,5.440157597084201,0.0004414405481794125,5.472418307197593
87,natops_train_89,0.9,edge,9,1.0,0.1,0.09000000000000001,0.899999999991,1,1.0,0.05,0.045000000000000005,0.8999999999820001,0.8999999999865,3,5.5073874880811875,0.00047077258456184684,5.441417715599641,0.0004420702274211524,5.474402601840414
88,natops_train_7,0.25,small,9,-1.0,0.1,0.025,0.2499999999975,4,1.0,0.05,0.0125,0.249999999995,0.24999999999625,5,5.831474872307653,0.0004424881726378229,5.70014387984364,0.0004410086450946503,5.765809376075646
88,natops_train_7,0.5,mid,9,-1.0,0.1,0.05,0.499999999995,4,1.0,0.05,0.025,0.49999999999,0.4999999999925,5,5.831655080478295,0.00044775992159948314,5.695981763412357,0.0004411494499162768,5.7638184219453255
88,natops_train_7,0.9,edge,9,-1.0,0.1,0.09000000000000001,0.899999999991,4,1.0,0.05,0.045000000000000005,0.8999999999820001,0.8999999999865,5,5.830897092119038,0.0004640263180216024,5.689327659923211,0.00044145948471059865,5.760112376021125
89,natops_train_141,0.25,small,6,1.0,0.1,0.025,0.2499999999975,2,1.0,0.05,0.0125,0.249999999995,0.24999999999625,0,5.866118435882311,0.00044346308129678794,6.0895146842585754,0.00044096345840227225,5.977816560070443
89,natops_train_141,0.5,mid,6,1.0,0.1,0.05,0.499999999995,2,1.0,0.05,0.025,0.49999999999,0.4999999999925,0,5.868134512664515,0.0004498989541952662,6.09138161034857,0.00044104893666796843,5.979758061506542
89,natops_train_141,0.9,edge,6,1.0,0.1,0.09000000000000001,0.899999999991,2,1.0,0.05,0.045000000000000005,0.8999999999820001,0.8999999999865,0,5.872011616079581,0.00046959211780636483,6.094369182365983,0.00044124797482913064,5.9831903992227815
90,natops_train_71,0.25,small,7,-1.0,0.1,0.025,0.2499999999975,0,1.0,0.05,0.0125,0.249999999995,0.24999999999625,3,5.50203328672733,0.00044231717554906526,5.410298571078589,0.00044114377010362596,5.456165928902959
90,natops_train_71,0.5,mid,7,-1.0,0.1,0.05,0.499999999995,0,1.0,0.05,0.025,0.49999999999,0.4999999999925,3,5.5042404452317815,0.000447017971629581,5.4107741714727124,0.0004414293804039255,5.4575073083522465
90,natops_train_71,0.9,edge,7,-1.0,0.1,0.09000000000000001,0.899999999991,0,1.0,0.05,0.045000000000000005,0.8999999999820001,0.8999999999865,3,5.506527855221687,0.000461336585675973,5.411535868902516,0.00044198893823646875,5.459031862062101
91,natops_train_163,0.25,small,8,-1.0,0.1,0.025,0.2499999999975,0,1.0,0.05,0.0125,0.249999999995,0.24999999999625,3,5.561482156555141,0.00044211866127297775,5.284008054491799,0.00044114866833423766,5.42274510552347
91,natops_train_163,0.5,mid,8,-1.0,0.1,0.05,0.499999999995,0,1.0,0.05,0.025,0.49999999999,0.4999999999925,3,5.560339987830088,0.000446247588725027,5.2844413905397225,0.00044144551901809147,5.422390689184905
91,natops_train_163,0.9,edge,8,-1.0,0.1,0.09000000000000001,0.899999999991,0,1.0,0.05,0.045000000000000005,0.8999999999820001,0.8999999999865,3,5.5576654893813044,0.0004589536375482734,5.285127878413252,0.0004420381074399196,5.421396683897278
92,natops_train_58,0.25,small,7,1.0,0.1,0.025,0.2499999999975,0,-1.0,0.05,0.0125,0.249999999995,0.24999999999625,1,5.8484741422832816,0.00044148294559402104,6.225150658849266,0.0004407116511345699,6.036812400566274
92,natops_train_58,0.5,mid,7,1.0,0.1,0.05,0.499999999995,0,-1.0,0.05,0.025,0.49999999999,0.4999999999925,1,5.84968923104273,0.0004428342431450039,6.223765933982115,0.0004405351058861609,6.036727582512423
92,natops_train_58,0.9,edge,7,1.0,0.1,0.09000000000000001,0.899999999991,0,-1.0,0.05,0.045000000000000005,0.8999999999820001,0.8999999999865,1,5.852098119157347,0.0004468141919912216,6.221553770941987,0.00044029383466121164,6.036825945049667
93,natops_train_20,0.25,small,2,1.0,0.1,0.025,0.2499999999975,3,-1.0,0.05,0.0125,0.249999999995,0.24999999999625,3,5.53343517722586,0.0004430147037109784,5.441189848872118,0.0004408381597512691,5.487312513048989
93,natops_train_20,0.5,mid,2,1.0,0.1,0.05,0.499999999995,3,-1.0,0.05,0.025,0.49999999999,0.4999999999925,3,5.535124008595922,0.0004483305508304496,5.441232015070775,0.0004408090460500909,5.488178011833348
93,natops_train_20,0.9,edge,2,1.0,0.1,0.09000000000000001,0.899999999991,3,-1.0,0.05,0.045000000000000005,0.8999999999820001,0.8999999999865,3,5.535813236622696,0.0004639146483759123,5.441286773148958,0.0004408459455079166,5.488550004885827
94,natops_train_118,0.25,small,5,-1.0,0.1,0.025,0.2499999999975,0,-1.0,0.05,0.0125,0.249999999995,0.24999999999625,2,5.716615451254707,0.0004427412132192836,6.005913765454131,0.00044070824139633515,5.8612646083544195
94,natops_train_118,0.5,mid,5,-1.0,0.1,0.05,0.499999999995,0,-1.0,0.05,0.025,0.49999999999,0.4999999999925,2,5.717450722177801,0.00044754556908058814,6.0055500872709935,0.00044053160005037633,5.8615004047243975
94,natops_train_118,0.9,edge,5,-1.0,0.1,0.09000000000000001,0.899999999991,0,-1.0,0.05,0.045000000000000005,0.8999999999820001,0.8999999999865,2,5.719364362512275,0.00046236228723885804,6.004963334076048,0.00044029705929764,5.862163848294161
95,natops_train_43,0.25,small,5,1.0,0.1,0.025,0.2499999999975,4,-1.0,0.05,0.0125,0.249999999995,0.24999999999625,5,5.6737157098078335,0.0004419723698047794,5.700603097543328,0.00044088220150533924,5.687159403675581
95,natops_train_43,0.5,mid,5,1.0,0.1,0.05,0.499999999995,4,-1.0,0.05,0.025,0.49999999999,0.4999999999925,5,5.673562323996893,0.0004461504407502461,5.7006768694320655,0.00044089164216932206,5.68711959671448
95,natops_train_43,0.9,edge,5,1.0,0.1,0.09000000000000001,0.899999999991,4,-1.0,0.05,0.045000000000000005,0.8999999999820001,0.8999999999865,5,5.673130481059352,0.0004597183708263017,5.700791531510793,0.00044098259449005747,5.686961006285072
96,natops_train_102,0.25,small,9,1.0,0.1,0.025,0.2499999999975,6,-1.0,0.05,0.0125,0.249999999995,0.24999999999625,1,5.869398819117807,0.0004419370668243593,6.37518653572474,0.0004409606360971599,6.122292677421274
96,natops_train_102,0.5,mid,9,1.0,0.1,0.05,0.499999999995,6,-1.0,0.05,0.025,0.49999999999,0.4999999999925,1,5.871088671560184,0.00044468172381117776,6.375753270622731,0.000441039360542889,6.123420971091457
96,natops_train_102,0.9,edge,9,1.0,0.1,0.09000000000000001,0.899999999991,6,-1.0,0.05,0.045000000000000005,0.8999999999820001,0.8999999999865,1,5.873744530788642,0.0004528582842104631,6.376664215646958,0.0004412197227335062,6.1252043732178
97,natops_train_159,0.25,small,0,-1.0,0.1,0.025,0.2499999999975,3,1.0,0.05,0.0125,0.249999999995,0.24999999999625,2,5.740314453131465,0.0004409209362624403,5.987084628924041,0.0004410108191003752,5.863699541027753
97,natops_train_159,0.5,mid,0,-1.0,0.1,0.05,0.499999999995,3,1.0,0.05,0.025,0.49999999999,0.4999999999925,2,5.736997949888208,0.00044215933606559925,5.986703790693013,0.0004411351735532006,5.86185087029061
97,natops_train_159,0.9,edge,0,-1.0,0.1,0.09000000000000001,0.899999999991,3,1.0,0.05,0.045000000000000005,0.8999999999820001,0.8999999999865,2,5.732037971343613,0.0004470003178735094,5.986093237807611,0.000441379165958565,5.859065604575612
98,natops_train_122,0.25,small,5,1.0,0.1,0.025,0.2499999999975,6,-1.0,0.05,0.0125,0.249999999995,0.24999999999625,2,5.980244771416227,0.0004424430401375952,6.390519513072842,0.00044094739532082096,6.185382142244535
98,natops_train_122,0.5,mid,5,1.0,0.1,0.05,0.499999999995,6,-1.0,0.05,0.025,0.49999999999,0.4999999999925,2,5.979609811375167,0.00044803833769056523,6.392323160010887,0.00044100448544888085,6.185966485693028
98,natops_train_122,0.9,edge,5,1.0,0.1,0.09000000000000001,0.899999999991,6,-1.0,0.05,0.045000000000000005,0.8999999999820001,0.8999999999865,2,5.978104244201681,0.00046655068769043046,6.3952156349104525,0.00044113300837371797,6.186659939556067
99,natops_train_72,0.25,small,9,1.0,0.1,0.025,0.2499999999975,1,1.0,0.05,0.0125,0.249999999995,0.24999999999625,3,5.8752119456689655,0.00044236831173954033,5.883195821883734,0.00044113635011655474,5.87920388377635
99,natops_train_72,0.5,mid,9,1.0,0.1,0.05,0.499999999995,1,1.0,0.05,0.025,0.49999999999,0.4999999999925,3,5.876332686081587,0.0004464136391968133,5.884139240412409,0.0004414391032351293,5.880235963246998
99,natops_train_72,0.9,edge,9,1.0,0.1,0.09000000000000001,0.899999999991,1,1.0,0.05,0.045000000000000005,0.8999999999820001,0.8999999999865,3,5.8780477862667215,0.0004583851013530817,5.8856405933812415,0.0004420746757443699,5.8818441898239815
100,natops_train_13,0.25,small,5,1.0,0.1,0.025,0.2499999999975,6,1.0,0.05,0.0125,0.249999999995,0.24999999999625,5,5.584986474941614,0.00044225829211882886,5.5690117313080805,0.0004408924075572969,5.576999103124847
100,natops_train_13,0.5,mid,5,1.0,0.1,0.05,0.499999999995,6,1.0,0.05,0.025,0.49999999999,0.4999999999925,5,5.584385661388236,0.0004471848751764604,5.569475448903413,0.0004409412359014633,5.576930555145824
100,natops_train_13,0.9,edge,5,1.0,0.1,0.09000000000000001,0.899999999991,6,1.0,0.05,0.045000000000000005,0.8999999999820001,0.8999999999865,5,5.581479903461403,0.0004630095326092557,5.570188721575086,0.0004411470853398605,5.575834312518245
101,natops_train_64,0.25,small,8,-1.0,0.1,0.025,0.2499999999975,8,1.0,0.05,0.0125,0.249999999995,0.24999999999625,0,5.7199522978496455,0.00044342996894671823,6.0457470460131075,0.00044079366383255265,5.8828496719313765
101,natops_train_64,0.5,mid,8,-1.0,0.1,0.05,0.499999999995,8,1.0,0.05,0.025,0.49999999999,0.4999999999925,0,5.722554677442851,0.00045164804429698424,6.045696096463837,0.0004407032271205247,5.884125386953344
101,natops_train_64,0.9,edge,8,-1.0,0.1,0.09000000000000001,0.899999999991,8,1.0,0.05,0.045000000000000005,0.8999999999820001,0.8999999999865,0,5.7267854135420935,0.00047884490041744674,6.045611614899578,0.0004406087010501842,5.886198514220836
102,natops_train_126,0.25,small,6,1.0,0.1,0.025,0.2499999999975,5,-1.0,0.05,0.0125,0.249999999995,0.24999999999625,1,5.725069685868714,0.0004430509379029074,5.923697794241011,0.00044088867639901456,5.824383740054863
102,natops_train_126,0.5,mid,6,1.0,0.1,0.05,0.499999999995,5,-1.0,0.05,0.025,0.49999999999,0.4999999999925,1,5.7287201440597215,0.0004482629646982869,5.9234842318033145,0.00044089264789143307,5.826102187931518
102,natops_train_126,0.9,edge,6,1.0,0.1,0.09000000000000001,0.899999999991,5,-1.0,0.05,0.045000000000000005,0.8999999999820001,0.8999999999865,1,5.73429998847107,0.0004638261160201099,5.923142250019758,0.000440947357764746,5.828721119245414
103,natops_train_143,0.25,small,0,-1.0,0.1,0.025,0.2499999999975,2,-1.0,0.05,0.0125,0.249999999995,0.24999999999625,3,5.84476058447251,0.0004417902060696103,5.875546693767541,0.00044088529759969274,5.860153639120026
103,natops_train_143,0.5,mid,0,-1.0,0.1,0.05,0.499999999995,2,-1.0,0.05,0.025,0.49999999999,0.4999999999925,3,5.841419589812306,0.0004455867896831143,5.874358330469928,0.0004409165952210687,5.857888960141117
103,natops_train_143,0.9,edge,0,-1.0,0.1,0.09000000000000001,0.899999999991,2,-1.0,0.05,0.045000000000000005,0.8999999999820001,0.8999999999865,3,5.836175464938854,0.0004584332148858778,5.872449867394037,0.0004410776896230204,5.854312666166446
104,natops_train_149,0.25,small,2,-1.0,0.1,0.025,0.2499999999975,0,1.0,0.05,0.0125,0.249999999995,0.24999999999625,5,5.717034015778803,0.0004414655343381608,5.723717484226118,0.0004411369518432823,5.720375750002461
104,natops_train_149,0.5,mid,2,-1.0,0.1,0.05,0.499999999995,0,1.0,0.05,0.025,0.49999999999,0.4999999999925,5,5.716434629143791,0.0004442068265460871,5.723981118280886,0.00044140210959455053,5.720207873712338
104,natops_train_149,0.9,edge,2,-1.0,0.1,0.09000000000000001,0.899999999991,0,1.0,0.05,0.045000000000000005,0.8999999999820001,0.8999999999865,5,5.714638343748374,0.00045322671270854424,5.724415700272482,0.0004419050467088284,5.719527022010428
105,natops_train_18,0.25,small,2,-1.0,0.1,0.025,0.2499999999975,0,1.0,0.05,0.0125,0.249999999995,0.24999999999625,1,5.984154629672518,0.0004414050156738352,6.539723900508146,0.0004411222082617182,6.261939265090332
105,natops_train_18,0.5,mid,2,-1.0,0.1,0.05,0.499999999995,0,1.0,0.05,0.025,0.49999999999,0.4999999999925,1,5.983745715925227,0.00044398526926154496,6.540386885180048,0.0004413541845164353,6.262066300552638
105,natops_train_18,0.9,edge,2,-1.0,0.1,0.09000000000000001,0.899999999991,0,1.0,0.05,0.045000000000000005,0.8999999999820001,0.8999999999865,1,5.983363582754144,0.0004526603214355782,6.5414520878451565,0.0004417627351513509,6.26240783529965
106,natops_train_50,0.25,small,2,-1.0,0.1,0.025,0.2499999999975,3,1.0,0.05,0.0125,0.249999999995,0.24999999999625,3,5.553931205689269,0.0004420928569347539,5.279726725284691,0.00044100636969966923,5.41682896548698
106,natops_train_50,0.5,mid,2,-1.0,0.1,0.05,0.499999999995,3,1.0,0.05,0.025,0.49999999999,0.4999999999925,3,5.551456055546796,0.00044669036436794805,5.280499633920002,0.00044114003562993875,5.4159778447333995
106,natops_train_50,0.9,edge,2,-1.0,0.1,0.09000000000000001,0.899999999991,3,1.0,0.05,0.045000000000000005,0.8999999999820001,0.8999999999865,3,5.548043040948696,0.0004612480190976021,5.2817324316345475,0.00044142821921724267,5.414887736291622
107,natops_train_4,0.25,small,9,1.0,0.1,0.025,0.2499999999975,9,1.0,0.05,0.0125,0.249999999995,0.24999999999625,2,5.769002677994484,0.00044191658178835907,6.030209122164212,0.0004414406544175102,5.899605900079348
107,natops_train_4,0.5,mid,9,1.0,0.1,0.05,0.499999999995,9,1.0,0.05,0.025,0.49999999999,0.4999999999925,2,5.769928269266737,0.00044457150182909363,6.031788653821264,0.0004419946116747567,5.900858461544001
107,natops_train_4,0.9,edge,9,1.0,0.1,0.09000000000000001,0.899999999991,9,1.0,0.05,0.045000000000000005,0.8999999999820001,0.8999999999865,2,5.77150688885172,0.0004524836052840961,6.034307737220548,0.00044292598698903607,5.902907313036134
108,natops_train_54,0.25,small,8,-1.0,0.1,0.025,0.2499999999975,4,1.0,0.05,0.0125,0.249999999995,0.24999999999625,1,5.771595686505787,0.00044137041984779456,6.1566858675490295,0.00044096365575797245,5.964140777027408
108,natops_train_54,0.5,mid,8,-1.0,0.1,0.05,0.499999999995,4,1.0,0.05,0.025,0.49999999999,0.4999999999925,1,5.772877932580282,0.00044309069429639516,6.155786432677185,0.00044104166803529536,5.964332182628733
108,natops_train_54,0.9,edge,8,-1.0,0.1,0.09000000000000001,0.899999999991,4,1.0,0.05,0.045000000000000005,0.8999999999820001,0.8999999999865,1,5.774883528222855,0.0004485105201641342,6.15435234628818,0.0004412137644422755,5.964617937255517
109,natops_train_112,0.25,small,3,-1.0,0.1,0.025,0.2499999999975,0,1.0,0.05,0.0125,0.249999999995,0.24999999999625,0,5.710408948432978,0.0004417482988913238,5.680086940242501,0.00044113252089834963,5.695247944337739
109,natops_train_112,0.5,mid,3,-1.0,0.1,0.05,0.499999999995,0,1.0,0.05,0.025,0.49999999999,0.4999999999925,0,5.708454208192293,0.0004450720701372168,5.681383536991869,0.0004413961892410501,5.694918872592082
109,natops_train_112,0.9,edge,3,-1.0,0.1,0.09000000000000001,0.899999999991,0,1.0,0.05,0.045000000000000005,0.8999999999820001,0.8999999999865,0,5.704130014668623,0.0004556738123356787,5.683460286038393,0.0004419012483338123,5.693795150353508
110,natops_train_148,0.25,small,4,-1.0,0.1,0.025,0.2499999999975,1,1.0,0.05,0.0125,0.249999999995,0.24999999999625,1,5.918993995198979,0.0004415894325711505,6.298580600017632,0.0004411019533868307,6.1087872976083055
110,natops_train_148,0.5,mid,4,-1.0,0.1,0.05,0.499999999995,1,1.0,0.05,0.025,0.49999999999,0.4999999999925,1,5.915664991384242,0.0004439004298770689,6.299877921017942,0.00044131209697940483,6.1077714562010925
110,natops_train_148,0.9,edge,4,-1.0,0.1,0.09000000000000001,0.899999999991,1,1.0,0.05,0.045000000000000005,0.8999999999820001,0.8999999999865,1,5.910554673223914,0.0004512486030280578,6.301969125500725,0.00044168268988879826,6.10626189936232
111,natops_train_96,0.25,small,9,-1.0,0.1,0.025,0.2499999999975,5,1.0,0.05,0.0125,0.249999999995,0.24999999999625,5,5.867732585813471,0.0004417311674063885,5.808268513739327,0.00044097578227020643,5.838000549776399
111,natops_train_96,0.5,mid,9,-1.0,0.1,0.05,0.499999999995,5,1.0,0.05,0.025,0.49999999999,0.4999999999925,5,5.86739372979841,0.00044439086941556614,5.807472260681906,0.000441105268328808,5.8374329952401585
111,natops_train_96,0.9,edge,9,-1.0,0.1,0.09000000000000001,0.899999999991,5,1.0,0.05,0.045000000000000005,0.8999999999820001,0.8999999999865,5,5.867854673856542,0.0004528664350655839,5.806183862604947,0.0004414381527908354,5.837019268230744
112,natops_train_1,0.25,small,7,1.0,0.1,0.025,0.2499999999975,5,-1.0,0.05,0.0125,0.249999999995,0.24999999999625,2,5.908899107925426,0.00044141509327403396,6.363388259304505,0.0004408891692463967,6.136143683614965
112,natops_train_1,0.5,mid,7,1.0,0.1,0.05,0.499999999995,5,-1.0,0.05,0.025,0.49999999999,0.4999999999925,2,5.9113708561540035,0.000442694343813871,6.363128668265472,0.00044089137328684767,6.137249762209738
112,natops_train_1,0.9,edge,7,1.0,0.1,0.09000000000000001,0.899999999991,5,-1.0,0.05,0.045000000000000005,0.8999999999820001,0.8999999999865,2,5.915003426589342,0.00044637149923271814,6.362719671654952,0.0004409391004341529,6.138861549122147
113,natops_train_70,0.25,small,5,-1.0,0.1,0.025,0.2499999999975,7,-1.0,0.05,0.0125,0.249999999995,0.24999999999625,2,6.003843926209787,0.000443521614422099,6.324625048326455,0.00044066179554217664,6.164234487268121
113,natops_train_70,0.5,mid,5,-1.0,0.1,0.05,0.499999999995,7,-1.0,0.05,0.025,0.49999999999,0.4999999999925,2,6.0046220774870935,0.00045080835649049703,6.324046946371017,0.0004404347430379892,6.164334511929056
113,natops_train_70,0.9,edge,5,-1.0,0.1,0.09000000000000001,0.899999999991,7,-1.0,0.05,0.045000000000000005,0.8999999999820001,0.8999999999865,2,6.005619303843208,0.00047411006428996563,6.323130026057729,0.00044011148408054087,6.1643746649504685
114,natops_train_115,0.25,small,6,1.0,0.1,0.025,0.2499999999975,9,-1.0,0.05,0.0125,0.249999999995,0.24999999999625,4,5.681831435066762,0.00044276887071472353,5.726450676739296,0.0004404121833666141,5.70414105590303
114,natops_train_115,0.5,mid,6,1.0,0.1,0.05,0.499999999995,9,-1.0,0.05,0.025,0.49999999999,0.4999999999925,4,5.6849219935615976,0.00044688514474527225,5.7251269061554435,0.00043998032997655674,5.70502444985852
114,natops_train_115,0.9,edge,6,1.0,0.1,0.09000000000000001,0.899999999991,9,-1.0,0.05,0.045000000000000005,0.8999999999820001,0.8999999999865,4,5.690895956812206,0.0004586778257676437,5.722974017131103,0.00043941977812162527,5.706934986971655
115,natops_train_95,0.25,small,9,1.0,0.1,0.025,0.2499999999975,4,1.0,0.05,0.0125,0.249999999995,0.24999999999625,4,5.677902880662549,0.00044352760702395707,5.269517250948019,0.00044098744487877184,5.4737100658052835
115,natops_train_95,0.5,mid,9,1.0,0.1,0.05,0.499999999995,4,1.0,0.05,0.025,0.49999999999,0.4999999999925,4,5.677801037180936,0.0004509119383782355,5.2697267596387025,0.00044114878257219497,5.473763898409819
115,natops_train_95,0.9,edge,9,1.0,0.1,0.09000000000000001,0.899999999991,4,1.0,0.05,0.045000000000000005,0.8999999999820001,0.8999999999865,4,5.680106763908628,0.0004741749697001857,5.270043912824119,0.0004415760200404472,5.4750753383663735
116,natops_train_90,0.25,small,6,-1.0,0.1,0.025,0.2499999999975,3,-1.0,0.05,0.0125,0.249999999995,0.24999999999625,1,6.226635649456473,0.0004418855216513119,6.609361660285694,0.00044082690492619107,6.417998654871084
116,natops_train_90,0.5,mid,6,-1.0,0.1,0.05,0.499999999995,3,-1.0,0.05,0.025,0.49999999999,0.4999999999925,1,6.222401490504826,0.0004461929250356583,6.609930862407398,0.00044076503100086564,6.416166176456112
116,natops_train_90,0.9,edge,6,-1.0,0.1,0.09000000000000001,0.899999999991,3,-1.0,0.05,0.045000000000000005,0.8999999999820001,0.8999999999865,1,6.216213654710014,0.0004607766787349968,6.610853956664828,0.000440706016701883,6.413533805687421
117,natops_train_81,0.25,small,4,1.0,0.1,0.025,0.2499999999975,3,1.0,0.05,0.0125,0.249999999995,0.24999999999625,0,5.647270180566637,0.00044276723064703554,5.751314092642442,0.00044101313172188137,5.699292136604539
117,natops_train_81,0.5,mid,4,1.0,0.1,0.05,0.499999999995,3,1.0,0.05,0.025,0.49999999999,0.4999999999925,0,5.6490674709253295,0.00044818404033857164,5.750468075084825,0.0004411435019631562,5.699767773005077
117,natops_train_81,0.9,edge,4,1.0,0.1,0.09000000000000001,0.899999999991,3,1.0,0.05,0.045000000000000005,0.8999999999820001,0.8999999999865,0,5.650438143317626,0.0004649597576127277,5.74911369591634,0.000441405281134881,5.699775919616982
118,natops_train_175,0.25,small,1,1.0,0.1,0.025,0.2499999999975,0,1.0,0.05,0.0125,0.249999999995,0.24999999999625,3,5.72594845776367,0.0004416704279321893,5.564868933062235,0.0004411339518671241,5.645408695412953
118,natops_train_175,0.5,mid,1,1.0,0.1,0.05,0.499999999995,0,1.0,0.05,0.025,0.49999999999,0.4999999999925,3,5.734393157454037,0.00044348995224492677,5.566012311636519,0.0004413997173843341,5.650202734545278
118,natops_train_175,0.9,edge,1,1.0,0.1,0.09000000000000001,0.899999999991,0,1.0,0.05,0.045000000000000005,0.8999999999820001,0.8999999999865,3,5.748327739994761,0.00044875428457761423,5.567837357249056,0.000441907711023354,5.658082548621909
119,natops_train_85,0.25,small,9,1.0,0.1,0.025,0.2499999999975,6,-1.0,0.05,0.0125,0.249999999995,0.24999999999625,1,5.7522101600910185,0.00044291124386897107,6.101085035834823,0.00044095990479226633,5.926647597962921
119,natops_train_85,0.5,mid,9,1.0,0.1,0.05,0.499999999995,6,-1.0,0.05,0.025,0.49999999999,0.4999999999925,1,5.754773636930749,0.00044869517832259425,6.101811106524145,0.00044103304554683076,5.928292371727447
119,natops_train_85,0.9,edge,9,1.0,0.1,0.09000000000000001,0.899999999991,6,-1.0,0.05,0.045000000000000005,0.8999999999820001,0.8999999999865,1,5.758933170077515,0.00046685399777897856,6.102982758467523,0.00044119459996981055,5.930957964272519
120,natops_train_86,0.25,small,7,-1.0,0.1,0.025,0.2499999999975,2,-1.0,0.05,0.0125,0.249999999995,0.24999999999625,3,5.557310680907517,0.00044253328827982736,5.461116001049216,0.00044089578434120127,5.509213340978366
120,natops_train_86,0.5,mid,7,-1.0,0.1,0.05,0.499999999995,2,-1.0,0.05,0.025,0.49999999999,0.4999999999925,3,5.558707167416791,0.00044791473247855263,5.460695789279895,0.00044096203306358907,5.509701478348343
120,natops_train_86,0.9,edge,7,-1.0,0.1,0.09000000000000001,0.899999999991,2,-1.0,0.05,0.045000000000000005,0.8999999999820001,0.8999999999865,3,5.560756290052281,0.0004643915068624799,5.460045158991513,0.00044123869278764896,5.510400724521897
121,natops_train_25,0.25,small,2,1.0,0.1,0.025,0.2499999999975,0,-1.0,0.05,0.0125,0.249999999995,0.24999999999625,5,5.6319612589954655,0.0004424395162622496,5.864814713770388,0.00044072082959664466,5.748387986382927
121,natops_train_25,0.5,mid,2,1.0,0.1,0.05,0.499999999995,0,-1.0,0.05,0.025,0.49999999999,0.4999999999925,5,5.633550201115441,0.0004459631801020238,5.863940861065363,0.0004405717651076238,5.748745531090402
121,natops_train_25,0.9,edge,2,1.0,0.1,0.09000000000000001,0.899999999991,0,-1.0,0.05,0.045000000000000005,0.8999999999820001,0.8999999999865,5,5.636438709445705,0.0004561312493078912,5.862548643350775,0.00044041304246805713,5.74949367639824
122,natops_train_80,0.25,small,6,1.0,0.1,0.025,0.2499999999975,0,-1.0,0.05,0.0125,0.249999999995,0.24999999999625,5,6.0606746543732894,0.0004427609764907821,6.0802530674434525,0.0004407204240946018,6.0704638609083705
122,natops_train_80,0.5,mid,6,1.0,0.1,0.05,0.499999999995,0,-1.0,0.05,0.025,0.49999999999,0.4999999999925,5,6.064711600828689,0.00044717398174072483,6.0802488669506385,0.0004405795011743492,6.072480233889664
122,natops_train_80,0.9,edge,6,1.0,0.1,0.09000000000000001,0.899999999991,0,-1.0,0.05,0.045000000000000005,0.8999999999820001,0.8999999999865,5,6.0698145792348015,0.00045976285357587866,6.080232998594204,0.0004404495691928444,6.075023788914503
123,natops_train_9,0.25,small,4,-1.0,0.1,0.025,0.2499999999975,6,-1.0,0.05,0.0125,0.249999999995,0.24999999999625,1,5.8239995534150495,0.0004421414149612899,6.069848812436488,0.0004409646142470906,5.946924182925769
123,natops_train_9,0.5,mid,4,-1.0,0.1,0.05,0.499999999995,6,-1.0,0.05,0.025,0.49999999999,0.4999999999925,1,5.820772733446728,0.00044609629546565134,6.070294975736505,0.0004410523100405432,5.945533854591616
123,natops_train_9,0.9,edge,4,-1.0,0.1,0.09000000000000001,0.899999999991,6,-1.0,0.05,0.045000000000000005,0.8999999999820001,0.8999999999865,1,5.8158914248339455,0.00045876288512867547,6.071010655896985,0.0004412576121697361,5.943451040365465
124,natops_train_98,0.25,small,6,1.0,0.1,0.025,0.2499999999975,8,1.0,0.05,0.0125,0.249999999995,0.24999999999625,4,5.41833914668445,0.00044224480068204996,5.189995201011197,0.0004408132772923897,5.304167173847823
124,natops_train_98,0.5,mid,6,1.0,0.1,0.05,0.499999999995,8,1.0,0.05,0.025,0.49999999999,0.4999999999925,4,5.411593853199833,0.0004446966417505436,5.189460239267632,0.0004407745534063819,5.300527046233732
124,natops_train_98,0.9,edge,6,1.0,0.1,0.09000000000000001,0.899999999991,8,1.0,0.05,0.045000000000000005,0.8999999999820001,0.8999999999865,4,5.401498087722201,0.00045117631858821106,5.18860036621515,0.00044083160391558007,5.2950492269686755
125,natops_train_120,0.25,small,5,-1.0,0.1,0.025,0.2499999999975,9,-1.0,0.05,0.0125,0.249999999995,0.24999999999625,2,5.8244774170032665,0.0004431272112889304,6.0521134194159005,0.0004403843497170073,5.9382954182095835
125,natops_train_120,0.5,mid,5,-1.0,0.1,0.05,0.499999999995,9,-1.0,0.05,0.025,0.49999999999,0.4999999999925,2,5.8265739735245905,0.0004492067305820715,6.051420713524042,0.0004398785469919244,5.938997343524316
125,natops_train_120,0.9,edge,5,-1.0,0.1,0.09000000000000001,0.899999999991,9,-1.0,0.05,0.045000000000000005,0.8999999999820001,0.8999999999865,2,5.830154777896541,0.0004682792639245411,6.050310915476242,0.0004391060369646299,5.940232846686392
126,natops_train_179,0.25,small,0,1.0,0.1,0.025,0.2499999999975,6,1.0,0.05,0.0125,0.249999999995,0.24999999999625,3,5.432839467328403,0.00044268130322650743,5.255407324405427,0.0004408936432792409,5.344123395866915
126,natops_train_179,0.5,mid,0,1.0,0.1,0.05,0.499999999995,6,1.0,0.05,0.025,0.49999999999,0.4999999999925,3,5.434473002419409,0.00044665153796282923,5.255261799813287,0.0004409380660969392,5.344867401116348
126,natops_train_179,0.9,edge,0,1.0,0.1,0.09000000000000001,0.899999999991,6,1.0,0.05,0.045000000000000005,0.8999999999820001,0.8999999999865,3,5.440023113833618,0.000458131932823115,5.255006525675998,0.00044112667098740585,5.347514819754808
127,natops_train_23,0.25,small,6,1.0,0.1,0.025,0.2499999999975,3,1.0,0.05,0.0125,0.249999999995,0.24999999999625,3,5.537120356961447,0.00044270861497141097,5.313457122593253,0.0004410252453927867,5.425288739777351
127,natops_train_23,0.5,mid,6,1.0,0.1,0.05,0.499999999995,3,1.0,0.05,0.025,0.49999999999,0.4999999999925,3,5.540280629411801,0.00044680487598597367,5.312667064969257,0.0004411911142050317,5.426473847190529
127,natops_train_23,0.9,edge,6,1.0,0.1,0.09000000000000001,0.899999999991,3,1.0,0.05,0.045000000000000005,0.8999999999820001,0.8999999999865,3,5.546338532246655,0.00045858609964340163,5.311401354119635,0.0004415597064383115,5.428869943183145
128,natops_train_156,0.25,small,9,-1.0,0.1,0.025,0.2499999999975,1,-1.0,0.05,0.0125,0.249999999995,0.24999999999625,1,5.663903318068753,0.00044183798034341186,5.975795633072235,0.00044073361266050724,5.819849475570495
128,natops_train_156,0.5,mid,9,-1.0,0.1,0.05,0.499999999995,1,-1.0,0.05,0.025,0.49999999999,0.4999999999925,1,5.664072096259213,0.0004450044261341505,5.9745478375722385,0.0004405817208162064,5.819309966915726
128,natops_train_156,0.9,edge,9,-1.0,0.1,0.09000000000000001,0.899999999991,1,-1.0,0.05,0.045000000000000005,0.8999999999820001,0.8999999999865,1,5.664205424220082,0.00045516363837410723,5.972550380260695,0.00044038562240481357,5.818377902240389
129,natops_train_6,0.25,small,9,-1.0,0.1,0.025,0.2499999999975,8,1.0,0.05,0.0125,0.249999999995,0.24999999999625,0,5.664986356695049,0.00044162035397572996,6.038968711732045,0.0004407916392321356,5.851977534213548
129,natops_train_6,0.5,mid,9,-1.0,0.1,0.05,0.499999999995,8,1.0,0.05,0.025,0.49999999999,0.4999999999925,0,5.664880184779075,0.0004441748959331919,6.038998086133235,0.0004407004370704923,5.8519391354561545
129,natops_train_6,0.9,edge,9,-1.0,0.1,0.09000000000000001,0.899999999991,8,1.0,0.05,0.045000000000000005,0.8999999999820001,0.8999999999865,0,5.664096814571536,0.0004520851141522744,6.0390464779883555,0.0004406064872502148,5.851571646279946
130,natops_train_33,0.25,small,0,1.0,0.1,0.025,0.2499999999975,5,-1.0,0.05,0.0125,0.249999999995,0.24999999999625,4,5.593136532346114,0.0004425146200303749,5.367268916612076,0.00044090629941700646,5.480202724479096
130,natops_train_33,0.5,mid,0,1.0,0.1,0.05,0.499999999995,5,-1.0,0.05,0.025,0.49999999999,0.4999999999925,4,5.597907609820997,0.0004460179056306005,5.366770005572393,0.0004409580818039105,5.482338807696696
130,natops_train_33,0.9,edge,0,1.0,0.1,0.09000000000000001,0.899999999991,5,-1.0,0.05,0.045000000000000005,0.8999999999820001,0.8999999999865,4,5.60527335918421,0.00045583672727560605,5.36596649686842,0.00044115148755209357,5.485619928026315
131,natops_train_32,0.25,small,9,-1.0,0.1,0.025,0.2499999999975,4,1.0,0.05,0.0125,0.249999999995,0.24999999999625,2,5.843302788610224,0.00044132408931628933,6.325340881942934,0.0004409617701561344,6.0843218352765795
131,natops_train_32,0.5,mid,9,-1.0,0.1,0.05,0.499999999995,4,1.0,0.05,0.025,0.49999999999,0.4999999999925,2,5.842056168225009,0.00044292411561702797,6.324956486610258,0.00044103372060697455,6.083506327417634
131,natops_train_32,0.9,edge,9,-1.0,0.1,0.09000000000000001,0.899999999991,4,1.0,0.05,0.045000000000000005,0.8999999999820001,0.8999999999865,2,5.839995936079272,0.00044803929486013616,6.324344685759324,0.0004411870609288066,6.082170310919298
132,natops_train_16,0.25,small,7,1.0,0.1,0.025,0.2499999999975,1,1.0,0.05,0.0125,0.249999999995,0.24999999999625,2,5.882161590059637,0.0004415635844501655,6.06843527569413,0.0004411034743710594,5.975298432876883
132,natops_train_16,0.5,mid,7,1.0,0.1,0.05,0.499999999995,1,1.0,0.05,0.025,0.49999999999,0.4999999999925,2,5.8836800837556495,0.0004431051384797065,6.070085870966128,0.00044132101441291975,5.976882977360889
132,natops_train_16,0.9,edge,7,1.0,0.1,0.09000000000000001,0.899999999991,1,1.0,0.05,0.045000000000000005,0.8999999999820001,0.8999999999865,2,5.887315164831382,0.0004477710133525188,6.0727302773198675,0.00044171523886563254,5.980022721075625
133,natops_train_106,0.25,small,3,1.0,0.1,0.025,0.2499999999975,4,-1.0,0.05,0.0125,0.249999999995,0.24999999999625,1,5.726072536443046,0.0004420492556333557,6.17367032416143,0.00044086917046959085,5.949871430302238
133,natops_train_106,0.5,mid,3,1.0,0.1,0.05,0.499999999995,4,-1.0,0.05,0.025,0.49999999999,0.4999999999925,1,5.726892999706839,0.00044475651423233,6.174904664840305,0.00044085639417221716,5.950898832273572
133,natops_train_106,0.9,edge,3,1.0,0.1,0.09000000000000001,0.899999999991,4,-1.0,0.05,0.045000000000000005,0.8999999999820001,0.8999999999865,1,5.729597006065384,0.0004527202321824364,6.1768804867884874,0.00044089065204531904,5.953238746426935
134,natops_train_134,0.25,small,6,1.0,0.1,0.025,0.2499999999975,4,1.0,0.05,0.0125,0.249999999995,0.24999999999625,5,5.465625367236449,0.00044234782352590047,5.45366349517332,0.0004409742276514055,5.459644431204884
134,natops_train_134,0.5,mid,6,1.0,0.1,0.05,0.499999999995,4,1.0,0.05,0.025,0.49999999999,0.4999999999925,5,5.467092648805618,0.00044527270354011167,5.452664186850091,0.00044107448844864824,5.459878417827855
134,natops_train_134,0.9,edge,6,1.0,0.1,0.09000000000000001,0.899999999991,4,1.0,0.05,0.045000000000000005,0.8999999999820001,0.8999999999865,5,5.470078845874639,0.00045330803500398667,5.451066748851315,0.0004413076824253123,5.4605727973629765
135,natops_train_131,0.25,small,0,1.0,0.1,0.025,0.2499999999975,7,1.0,0.05,0.0125,0.249999999995,0.24999999999625,1,6.237961060659128,0.00044256777335159743,6.564511777611488,0.0004411769859641957,6.401236419135308
135,natops_train_131,0.5,mid,0,1.0,0.1,0.05,0.499999999995,7,1.0,0.05,0.025,0.49999999999,0.4999999999925,1,6.239818399027408,0.0004461250042117691,6.564935864285133,0.0004414682652729129,6.402377131656271
135,natops_train_131,0.9,edge,0,1.0,0.1,0.09000000000000001,0.899999999991,7,1.0,0.05,0.045000000000000005,0.8999999999820001,0.8999999999865,1,6.243564217002627,0.00045624710593100915,6.565619990311664,0.0004419809705553484,6.404592103657145
136,natops_train_116,0.25,small,8,1.0,0.1,0.025,0.2499999999975,1,1.0,0.05,0.0125,0.249999999995,0.24999999999625,4,5.434334760693545,0.00044243629245569713,5.19120793548643,0.00044114342900358517,5.312771348089988
136,natops_train_116,0.5,mid,8,1.0,0.1,0.05,0.499999999995,1,1.0,0.05,0.025,0.49999999999,0.4999999999925,4,5.434854877918672,0.00044660381488271063,5.191592056783225,0.00044145560570990085,5.313223467350948
136,natops_train_116,0.9,edge,8,1.0,0.1,0.09000000000000001,0.899999999991,1,1.0,0.05,0.045000000000000005,0.8999999999820001,0.8999999999865,4,5.436755444874258,0.0004593342327092764,5.192208036483126,0.00044211590925896687,5.314481740678692
137,natops_train_17,0.25,small,8,1.0,0.1,0.025,0.2499999999975,7,-1.0,0.05,0.0125,0.249999999995,0.24999999999625,1,6.227966324943903,0.00044317170031961796,6.509524844553231,0.0004406635985736041,6.368745584748567
137,natops_train_17,0.5,mid,8,1.0,0.1,0.05,0.499999999995,7,-1.0,0.05,0.025,0.49999999999,0.4999999999925,1,6.226620900861002,0.00044980462422536453,6.508768814864768,0.0004404386113723751,6.367694857862885
137,natops_train_17,0.9,edge,8,1.0,0.1,0.09000000000000001,0.899999999991,7,-1.0,0.05,0.045000000000000005,0.8999999999820001,0.8999999999865,1,6.22471527959217,0.00047099935764178787,6.507571109018277,0.00044011920920525576,6.366143194305224
138,natops_train_45,0.25,small,2,1.0,0.1,0.025,0.2499999999975,0,1.0,0.05,0.0125,0.249999999995,0.24999999999625,5,5.821052116192549,0.000442339635707306,5.844056834826578,0.00044112861115178884,5.832554475509563
138,natops_train_45,0.5,mid,2,1.0,0.1,0.05,0.499999999995,0,1.0,0.05,0.025,0.49999999999,0.4999999999925,5,5.823538672318426,0.0004457375137392351,5.845638064009587,0.000441383523905429,5.834588368164006
138,natops_train_45,0.9,edge,2,1.0,0.1,0.09000000000000001,0.899999999991,0,1.0,0.05,0.045000000000000005,0.8999999999820001,0.8999999999865,5,5.827087336907146,0.0004554845193055837,5.848163386838354,0.00044186230990233974,5.83762536187275
139,natops_train_8,0.25,small,4,1.0,0.1,0.025,0.2499999999975,4,-1.0,0.05,0.0125,0.249999999995,0.24999999999625,2,5.567398478148678,0.00044222705441168073,5.786933317251567,0.0004408764576706501,5.677165897700123
139,natops_train_8,0.5,mid,4,1.0,0.1,0.05,0.499999999995,4,-1.0,0.05,0.025,0.49999999999,0.4999999999925,2,5.569873850985957,0.00044594110966115737,5.787628696884717,0.0004408711574363487,5.678751273935337
139,natops_train_8,0.9,edge,4,1.0,0.1,0.09000000000000001,0.899999999991,4,-1.0,0.05,0.045000000000000005,0.8999999999820001,0.8999999999865,2,5.574293119994713,0.0004574826214874647,5.788731382584945,0.0004409173480360874,5.6815122512898295
140,natops_train_66,0.25,small,6,1.0,0.1,0.025,0.2499999999975,8,1.0,0.05,0.0125,0.249999999995,0.24999999999625,2,6.3027295922648445,0.00044241171331245243,6.756954575919586,0.0004407965998629011,6.529842084092215
140,natops_train_66,0.5,mid,6,1.0,0.1,0.05,0.499999999995,8,1.0,0.05,0.025,0.49999999999,0.4999999999925,2,6.30540954903389,0.00044557732497898004,6.755784534988087,0.0004407051515001958,6.530597042010989
140,natops_train_66,0.9,edge,6,1.0,0.1,0.09000000000000001,0.899999999991,8,1.0,0.05,0.045000000000000005,0.8999999999820001,0.8999999999865,2,6.310079229114322,0.0004545475705626145,6.753922136401556,0.00044060081465089094,6.532000682757939
141,natops_train_87,0.25,small,8,-1.0,0.1,0.025,0.2499999999975,7,1.0,0.05,0.0125,0.249999999995,0.24999999999625,4,5.6390200610604895,0.0004418667283642569,5.693716154593288,0.0004411874640770499,5.666368107826889
141,natops_train_87,0.5,mid,8,-1.0,0.1,0.05,0.499999999995,7,1.0,0.05,0.025,0.49999999999,0.4999999999925,4,5.635468124801228,0.0004446446371094855,5.694726368385371,0.0004415167772273371,5.6650972465933
141,natops_train_87,0.9,edge,8,-1.0,0.1,0.09000000000000001,0.899999999991,7,1.0,0.05,0.045000000000000005,0.8999999999820001,0.8999999999865,4,5.632528736426926,0.00045366689575915297,5.696336137263467,0.0004421459790317719,5.664432436845196
142,natops_train_140,0.25,small,0,-1.0,0.1,0.025,0.2499999999975,5,-1.0,0.05,0.0125,0.249999999995,0.24999999999625,0,5.853912107039893,0.00044125782341569177,6.015720682944182,0.0004408984179720674,5.934816394992037
142,natops_train_140,0.5,mid,0,-1.0,0.1,0.05,0.499999999995,5,-1.0,0.05,0.025,0.49999999999,0.4999999999925,0,5.851966974364794,0.0004435778025222462,6.01496171350255,0.000440921438348508,5.933464343933672
142,natops_train_140,0.9,edge,0,-1.0,0.1,0.09000000000000001,0.899999999991,5,-1.0,0.05,0.045000000000000005,0.8999999999820001,0.8999999999865,0,5.848894300163118,0.0004515744490947198,6.013752984991035,0.0004410266941181708,5.931323642577077
143,natops_train_3,0.25,small,2,-1.0,0.1,0.025,0.2499999999975,5,-1.0,0.05,0.0125,0.249999999995,0.24999999999625,3,5.434532393153053,0.0004420012189626958,5.346031727649808,0.00044091338696918784,5.3902820604014305
143,natops_train_3,0.5,mid,2,-1.0,0.1,0.05,0.499999999995,5,-1.0,0.05,0.025,0.49999999999,0.4999999999925,3,5.434196644838582,0.00044629482022268986,5.344330291074873,0.00044096731407606833,5.389263467956727
143,natops_train_3,0.9,edge,2,-1.0,0.1,0.09000000000000001,0.899999999991,5,-1.0,0.05,0.045000000000000005,0.8999999999820001,0.8999999999865,3,5.432804882991863,0.0004598416314196014,5.341582439809227,0.0004411495496709844,5.387193661400545
