dataset,method,seed_mean,seed_std,fail_reason_mean,fail_reason_std,base_f1_mean,base_f1_std,aug_f1_mean,aug_f1_std,gain_mean,gain_std,aug_count_mean,aug_count_std,aug_ratio_mean,aug_ratio_std,actual_aug_ratio_mean,actual_aug_ratio_std,train_split_only_mean,train_split_only_std,uses_external_library_mean,uses_external_library_std,budget_matched_mean,budget_matched_std,best_val_f1_mean,best_val_f1_std,stop_epoch_mean,stop_epoch_std,warning_count_mean,warning_count_std,fallback_count_mean,fallback_count_std,method_elapsed_sec_mean,method_elapsed_sec_std,activation_topk_mean,activation_topk_std,activation_tau_mean,activation_tau_std,transport_error_fro_mean_mean,transport_error_fro_mean_std,transport_error_logeuc_mean_mean,transport_error_logeuc_mean_std,bridge_cond_A_mean_mean,bridge_cond_A_mean_std,metric_preservation_error_mean_mean,metric_preservation_error_mean_std,safe_radius_ratio_mean_mean,safe_radius_ratio_mean_std,manifold_margin_mean_mean,manifold_margin_mean_std,gamma_requested_mean_mean,gamma_requested_mean_std,gamma_used_mean_mean,gamma_used_mean_std,gamma_zero_rate_mean,gamma_zero_rate_std,host_geom_cosine_mean_mean,host_geom_cosine_mean_std,host_conflict_rate_mean,host_conflict_rate_std,candidate_total_count_mean,candidate_total_count_std,aug_total_count_mean,aug_total_count_std,requested_k_dir_mean,requested_k_dir_std,effective_k_dir_mean,effective_k_dir_std,safe_clip_rate_mean,safe_clip_rate_std,template_usage_entropy_mean,template_usage_entropy_std,top_template_concentration_mean,top_template_concentration_std,aug_valid_rate_mean,aug_valid_rate_std,candidate_audit_rows_mean,candidate_audit_rows_std,candidate_audit_available_mean,candidate_audit_available_std,candidate_accept_rate_mean,candidate_accept_rate_std,candidate_physics_ok_mean,candidate_physics_ok_std,z_displacement_norm_mean_mean,z_displacement_norm_mean_std,template_response_abs_mean_mean,template_response_abs_mean_std,gamma_requested_mean_audit_mean,gamma_requested_mean_audit_std,gamma_used_mean_audit_mean,gamma_used_mean_audit_std,safe_radius_ratio_mean_audit_mean,safe_radius_ratio_mean_audit_std,safe_clip_rate_audit_mean,safe_clip_rate_audit_std,gamma_zero_rate_audit_mean,gamma_zero_rate_audit_std,manifold_margin_mean_audit_mean,manifold_margin_mean_audit_std,transport_error_logeuc_mean_audit_mean,transport_error_logeuc_mean_audit_std,template_usage_entropy_audit_mean,template_usage_entropy_audit_std,top_template_concentration_audit_mean,top_template_concentration_audit_std,gamma_used_gt_requested_count_mean,gamma_used_gt_requested_count_std,safe_radius_ratio_out_of_bounds_count_mean,safe_radius_ratio_out_of_bounds_count_std,aug_train_ratio_mean,aug_train_ratio_std,multi_template_pairs_mean,multi_template_pairs_std,zpia_z_dim_mean,zpia_z_dim_std,zpia_n_train_mean,zpia_n_train_std,zpia_n_train_lt_z_dim_mean,zpia_n_train_lt_z_dim_std,zpia_row_norm_min_mean,zpia_row_norm_min_std,zpia_row_norm_max_mean,zpia_row_norm_max_std,zpia_row_norm_mean_mean,zpia_row_norm_mean_std,zpia_fallback_row_count_mean,zpia_fallback_row_count_std,telm2_recon_last_mean,telm2_recon_last_std,telm2_recon_mean_mean,telm2_recon_mean_std,telm2_recon_std_mean,telm2_recon_std_std,selected_template_entropy_mean,selected_template_entropy_std
articularywordrecognition,csta_topk_uniform_top5,2.0,1.0,,,0.9631069387938952,0.010056328605765413,0.9797708481534567,0.006062159447904349,0.016663909359561534,0.005965511297304581,2200.0,0.0,10.0,0.0,10.0,0.0,1.0,0.0,0.0,0.0,1.0,0.0,0.9816507936507938,0.01705409117189086,29.666666666666668,0.5773502691896255,0.0,0.0,0.0,0.0,10.948779156334544,0.3787974966239461,5.0,0.0,,,0.000271864908209,4.261311849861836e-08,0.026397378882803732,0.0006362637165631258,1.1298959606611463,0.0027092717230606154,0.21149493723066934,0.001949602667093014,0.0345035968343972,0.0002517377603556826,3.9344386908357354,0.01967571122099152,0.09999999999999991,0.0,0.0,0.0,0.0,0.0,0.0,0.0,0.0,0.0,2200.0,0.0,2200.0,0.0,10.0,0.0,10.0,0.0,0.0,0.0,2.2694580523202137,0.020233376198170887,0.1348484848484848,0.017208813169091747,1.0,0.0,2200.0,0.0,1.0,0.0,1.0,0.0,1.0,0.0,0.10000000006498977,1.742126572173521e-10,1.3085074010513906,0.015327769909227774,0.09999999999999991,0.0,0.09999999999999991,0.0,0.0345035968343972,0.0002517377603556826,0.0,0.0,0.0,0.0,3.9344386908357354,0.01967571122099152,0.026397378882803732,0.0006362637165631258,2.2694580523202137,0.020233376198170887,0.1348484848484848,0.017208813169091747,0.0,0.0,0.0,0.0,10.0,0.0,1.0,0.0,45.0,0.0,220.0,0.0,0.0,0.0,1.0,0.0,1.0,0.0,1.0,0.0,0.0,0.0,0.6836688026541538,0.0005070720216081396,0.6887684661461401,0.002002279128478051,0.016469792718866134,0.0029147234848739953,2.2694580523202137,0.020233376198170887
atrialfibrillation,csta_topk_uniform_top5,2.0,1.0,,,0.23454323454323447,0.078502724418324,0.26854256854256847,0.10282668713089323,0.03399933399933403,0.18028480261812865,120.0,0.0,10.0,0.0,10.0,0.0,1.0,0.0,0.0,0.0,1.0,0.0,0.7037037037037036,0.25660011963983376,21.333333333333332,7.767453465154029,0.0,0.0,0.0,0.0,5.049047416328297,0.10797767162239132,5.0,0.0,,,0.00012821149485486667,9.086581976552672e-08,0.030883898238377335,0.0033398746705592206,1.0657107700707582,0.01180496074508903,0.1119924883390821,0.0029158191569379206,0.17960435569349997,0.0035994473507286744,0.973736853808815,0.11263992542034644,0.10000000000000002,0.0,0.0,0.0,0.0,0.0,0.0,0.0,0.0,0.0,120.0,0.0,120.0,0.0,10.0,0.0,10.0,0.0,0.0,0.0,1.6951126098834415,0.08488767693109073,0.3055555555555555,0.048112522432468795,1.0,0.0,120.0,0.0,1.0,0.0,1.0,0.0,1.0,0.0,0.09999999983321894,1.1218623112339368e-09,0.7325001142774988,0.034436383346930055,0.10000000000000002,0.0,0.10000000000000002,0.0,0.17960435569349997,0.0035994473507286744,0.0,0.0,0.0,0.0,0.973736853808815,0.11263992542034644,0.030883898238377335,0.0033398746705592206,1.6951126098834415,0.08488767693109073,0.3055555555555555,0.048112522432468795,0.0,0.0,0.0,0.0,10.0,0.0,1.0,0.0,3.0,0.0,12.0,0.0,0.0,0.0,1.0,0.0,1.0,0.0,1.0,0.0,0.0,0.0,0.2874234441352856,0.06228379972099431,0.3039497286639982,0.06685538174055783,0.0378814051153146,0.03126943644608832,1.6951126098834415,0.08488767693109073
basicmotions,csta_topk_uniform_top5,2.0,1.0,,,1.0,0.0,1.0,0.0,0.0,0.0,320.0,0.0,10.0,0.0,10.0,0.0,1.0,0.0,0.0,0.0,1.0,0.0,1.0,0.0,30.0,0.0,0.0,0.0,0.0,0.0,5.608003688335884,0.17781773996921077,5.0,0.0,,,0.00022216003567709997,4.12038348949444e-08,0.0082292127026479,0.0006836070732471732,1.1180700788647684,0.002654465794416035,0.18456089071732593,0.0016507808848506545,0.0318380592004473,0.0002572863717867525,4.49870377382199,0.08226835771786785,0.09999999999999991,0.0,0.0,0.0,0.0,0.0,0.0,0.0,0.0,0.0,320.0,0.0,320.0,0.0,10.0,0.0,10.0,0.0,0.0,0.0,1.9981081260265317,0.03382431775903567,0.22916666666666666,0.047735163489123336,1.0,0.0,320.0,0.0,1.0,0.0,1.0,0.0,1.0,0.0,0.10000000034033536,2.3940255615205753e-10,1.9848974787487748,0.0378436173456617,0.09999999999999991,0.0,0.09999999999999991,0.0,0.0318380592004473,0.0002572863717867525,0.0,0.0,0.0,0.0,4.49870377382199,0.08226835771786785,0.0082292127026479,0.0006836070732471732,1.9981081260265317,0.03382431775903567,0.22916666666666666,0.047735163489123336,0.0,0.0,0.0,0.0,10.0,0.0,1.0,0.0,21.0,0.0,32.0,0.0,0.0,0.0,1.0,0.0,1.0,0.0,1.0,0.0,0.0,0.0,0.5001662907077326,0.03624357747514961,0.49276370087623317,0.011294186277286936,0.034058585859391095,0.00300881283050199,1.9981081260265317,0.03382431775903567
cricket,csta_topk_uniform_top5,2.0,1.0,,,0.9906759906759909,0.008074828939714989,0.9813843563843564,0.01612169342034551,-0.0092916342916343,0.008046937875877304,860.0,0.0,10.0,0.0,10.0,0.0,1.0,0.0,0.0,0.0,1.0,0.0,1.0,0.0,30.0,0.0,0.0,0.0,0.0,0.0,14.206290227652062,0.1644017406829741,5.0,0.0,,,0.00022174112608329999,5.238070169002238e-08,0.0129389509692065,0.0007331911739769714,1.1008332652685004,0.004193603548936564,0.15949502788725708,0.003102510675357054,0.07137747080081759,0.0008810944682042343,2.0060515483031103,0.03169308919360663,0.10000000000000002,0.0,0.0,0.0,0.0,0.0,0.0,0.0,0.0,0.0,860.0,0.0,860.0,0.0,10.0,0.0,10.0,0.0,0.0,0.0,2.1265572208427383,0.049944283383667715,0.21317829457364335,0.024205418598443433,1.0,0.0,860.0,0.0,1.0,0.0,1.0,0.0,1.0,0.0,0.10000000005165487,3.770537860983381e-10,1.1826859777474377,0.03162319735773014,0.10000000000000002,0.0,0.10000000000000002,0.0,0.07137747080081759,0.0008810944682042343,0.0,0.0,0.0,0.0,2.0060515483031103,0.03169308919360663,0.0129389509692065,0.0007331911739769714,2.1265572208427383,0.049944283383667715,0.21317829457364335,0.024205418598443433,0.0,0.0,0.0,0.0,10.0,0.0,1.0,0.0,21.0,0.0,86.0,0.0,0.0,0.0,1.0,0.0,1.0,1.5700924586837752e-16,1.0,0.0,0.0,0.0,0.42163043329886124,0.02133177167224233,0.41740387799640205,0.009325800258365562,0.018083393717243733,0.004530529152110014,2.1265572208427383,0.049944283383667715
epilepsy,csta_topk_uniform_top5,2.0,1.0,,,0.9584462387451697,0.02235616298563245,0.9714943308852239,0.0004958398109402933,0.0130480921400542,0.02186041672403369,1090.0,0.0,10.0,0.0,10.0,0.0,1.0,0.0,0.0,0.0,1.0,0.0,1.0,0.0,30.0,0.0,0.0,0.0,0.0,0.0,8.045173600995136,0.16551015104888736,5.0,0.0,,,0.00015700262752486668,5.465935657780829e-08,0.0038935021626632666,0.00020232309049125663,1.0850488859674188,0.004289271573216071,0.13065838029421503,0.003276998291933205,0.1033782809283917,0.001780790419832224,1.4312877343635062,0.03002245710736736,0.09999999999999991,0.0,0.0,0.0,0.0,0.0,0.0,0.0,0.0,0.0,1090.0,0.0,1090.0,0.0,10.0,0.0,10.0,0.0,0.0,0.0,2.155464374036694,0.03666360958602382,0.1834862385321101,0.009174311926605505,1.0,0.0,1090.0,0.0,1.0,0.0,1.0,0.0,1.0,0.0,0.1000000002995059,3.1344716929409176e-10,1.260630665839437,0.11185105702996485,0.09999999999999991,0.0,0.09999999999999991,0.0,0.1033782809283917,0.001780790419832224,0.0,0.0,0.0,0.0,1.4312877343635062,0.03002245710736736,0.0038935021626632666,0.00020232309049125663,2.155464374036694,0.03666360958602382,0.1834862385321101,0.009174311926605505,0.0,0.0,0.0,0.0,10.0,0.0,1.0,0.0,6.0,0.0,109.0,0.0,0.0,0.0,1.0,0.0,1.0,0.0,1.0,0.0,0.0,0.0,0.3553523992552052,0.04716681853697351,0.32242540463294295,0.02046400532820435,0.023754896012139603,0.0026159040546464532,2.155464374036694,0.03666360958602382
ering,csta_topk_uniform_top5,2.0,1.0,,,0.7469214078445964,0.1770500945694436,0.8205151780046046,0.05623328413328154,0.07359377016000802,0.12405371550840205,240.0,0.0,10.0,0.0,10.0,0.0,1.0,0.0,0.0,0.0,1.0,0.0,0.9259259259259259,0.12830005981991685,25.333333333333332,8.082903768654761,0.0,0.0,0.0,0.0,5.260462202325773,0.418460142385839,5.0,0.0,,,0.0001812659981216,8.042950822192226e-08,0.0013230440131503,2.4986829861127337e-05,1.0973347369535646,0.003261145853329936,0.14499490648757188,0.003946803993695624,0.14417342594165528,0.0024269926725948797,1.0777977562429353,0.026502555331996257,0.10000000000000002,0.0,0.0,0.0,0.0,0.0,0.0,0.0,0.0,0.0,240.0,0.0,240.0,0.0,10.0,0.0,10.0,0.0,0.0,0.0,1.9836156303531973,0.06626354867882459,0.2638888888888889,0.048112522432468836,1.0,0.0,240.0,0.0,1.0,0.0,1.0,0.0,1.0,0.0,0.09999999992043594,5.150047278700361e-10,0.5314154573555565,0.020432292618054237,0.10000000000000002,0.0,0.10000000000000002,0.0,0.14417342594165528,0.0024269926725948797,0.0,0.0,0.0,0.0,1.0777977562429353,0.026502555331996257,0.0013230440131503,2.4986829861127337e-05,1.9836156303531973,0.06626354867882459,0.2638888888888889,0.048112522432468836,0.0,0.0,0.0,0.0,10.0,0.0,1.0,0.0,10.0,0.0,24.0,0.0,0.0,0.0,1.0,0.0,1.0,0.0,1.0,0.0,0.0,0.0,0.31094908049726394,0.021012974680491,0.3170689086828513,0.027121910612033475,0.012059588389978332,0.005892077172225917,1.9836156303531973,0.06626354867882459
ethanolconcentration,csta_topk_uniform_top5,2.0,1.0,,,0.27915369510542803,0.022903519123516246,0.27421298970049424,0.02939472251013186,-0.004940705404933733,0.007572481085273153,2080.0,0.0,10.0,0.0,10.0,0.0,1.0,0.0,0.0,0.0,1.0,0.0,0.40735648132199853,0.05938119111459363,17.333333333333332,3.0550504633038935,0.0,0.0,0.0,0.0,25.915740369663883,2.7274542752762274,5.0,0.0,,,0.0001661220721267,1.9045335621850158e-06,5.606040846075486e-09,1.8095130838693827e-10,1.2652149290377384,0.028007892020509725,0.33736075392680404,0.03081919564353477,0.12762608281995805,0.003928245828174294,1.1855413061571498,0.01805296017185225,0.10000000000000002,0.0,0.0,0.0,0.0,0.0,0.0,0.0,0.0,0.0,2080.0,0.0,2080.0,0.0,10.0,0.0,10.0,0.0,0.0,0.0,2.253925822681308,0.00811650475300362,0.157051282051282,0.014687742612037915,1.0,0.0,2080.0,0.0,1.0,0.0,1.0,0.0,1.0,0.0,0.10000000001057256,5.426155864606127e-10,1.3811336114326611,0.05218594716592143,0.10000000000000002,0.0,0.10000000000000002,0.0,0.12762608281995805,0.003928245828174294,0.0,0.0,0.0,0.0,1.1855413061571498,0.01805296017185225,5.606040846075486e-09,1.8095130838693827e-10,2.253925822681308,0.00811650475300362,0.157051282051282,0.014687742612037915,0.0,0.0,0.0,0.0,10.0,0.0,1.0,0.0,6.0,0.0,208.0,0.0,0.0,0.0,1.0,0.0,1.0,0.0,1.0,0.0,0.0,0.0,0.5403165186234554,0.02937369070622278,0.5467662698240426,0.024239823307980954,0.028024644546423932,0.0036362738301301896,2.253925822681308,0.00811650475300362
fingermovements,csta_topk_uniform_top5,2.0,1.0,,,0.4806203341936231,0.049318627911133894,0.5289125965573828,0.019479775255389353,0.0482922623637597,0.03526287912237682,2520.0,0.0,10.0,0.0,10.0,0.0,1.0,0.0,0.0,0.0,1.0,0.0,0.6592481217325735,0.037950854647827124,15.666666666666666,2.0816659994661326,0.0,0.0,0.0,0.0,10.274036559664333,0.31642763001519153,5.0,0.0,,,0.00047746349428419996,3.0850837375282176e-08,6.711776342556608e-05,4.926702108570431e-07,1.1181289914764505,0.003438841260177091,0.228472789790053,0.0030189434904816046,0.02202540598164013,0.00011477315038684636,6.096037604177513,0.028162838989420142,0.09999999999999991,0.0,0.0,0.0,0.0,0.0,0.0,0.0,0.0,0.0,2520.0,0.0,2520.0,0.0,10.0,0.0,10.0,0.0,0.0,0.0,2.2865903335446416,0.0040297238451688045,0.13359788359788358,0.0022910724967842534,1.0,0.0,2520.0,0.0,1.0,0.0,1.0,0.0,1.0,0.0,0.10000000000740272,7.742274746934035e-11,1.5108196922657269,0.018752446252525066,0.09999999999999991,0.0,0.09999999999999991,0.0,0.02202540598164013,0.00011477315038684636,0.0,0.0,0.0,0.0,6.096037604177513,0.028162838989420142,6.711776342556608e-05,4.926702108570431e-07,2.2865903335446416,0.0040297238451688045,0.13359788359788358,0.0022910724967842534,0.0,0.0,0.0,0.0,10.0,0.0,1.0,0.0,406.0,0.0,252.0,0.0,1.0,0.0,1.0,0.0,1.0,0.0,1.0,0.0,0.0,0.0,0.829263528613951,0.0013825120376660181,0.8342612429282958,0.0007745235210539774,0.010674798589898634,0.0006992851345752931,2.2865903335446416,0.0040297238451688045
handmovementdirection,csta_topk_uniform_top5,2.0,1.0,,,0.20969127456801664,0.026078629474673803,0.2723931737766877,0.03121677247031496,0.062701899208671,0.007994747477931158,1280.0,0.0,10.0,0.0,10.0,0.0,1.0,0.0,0.0,0.0,1.0,0.0,0.36752671890925126,0.05553279831112296,18.333333333333332,10.214368964029708,0.0,0.0,0.0,0.0,8.471327389357612,1.6826099141180864,5.0,0.0,,,0.00028544566179536667,4.127806036869685e-09,1.1130233977571253e-07,1.5865023378103744e-10,1.0872434647902194,0.0015780803549836728,0.14855885233521934,0.0003494070890863408,0.13735308875579885,0.0013576701687677813,0.993777100912632,0.008427509469569524,0.09999999999999991,0.0,0.0,0.0,0.0,0.0,0.0,0.0,0.0,0.0,1280.0,0.0,1280.0,0.0,10.0,0.0,10.0,0.0,0.0,0.0,2.2580422624471654,0.020459781676041563,0.14583333333333334,0.004510548978043955,1.0,0.0,1280.0,0.0,1.0,0.0,1.0,0.0,1.0,0.0,0.09999999996548899,1.3420485293612717e-10,0.2791149628119555,0.0030948225774310276,0.09999999999999991,0.0,0.09999999999999991,0.0,0.13735308875579885,0.0013576701687677813,0.0,0.0,0.0,0.0,0.993777100912632,0.008427509469569524,1.1130233977571253e-07,1.5865023378103744e-10,2.2580422624471654,0.020459781676041563,0.14583333333333334,0.004510548978043955,0.0,0.0,0.0,0.0,10.0,0.0,1.0,0.0,55.0,0.0,128.0,0.0,0.0,0.0,1.0,0.0,1.0,0.0,1.0,0.0,0.0,0.0,0.7579838024736311,0.005232754319219318,0.7603477086519178,0.0050178763065378855,0.012259519859441967,0.000843734807464454,2.2580422624471654,0.020459781676041563
handwriting,csta_topk_uniform_top5,2.0,1.0,,,0.4001000176877763,0.01581157827429161,0.4680564886832321,0.011426032686779424,0.0679564709954557,0.017361488203659757,1200.0,0.0,10.0,0.0,10.0,0.0,1.0,0.0,0.0,0.0,1.0,0.0,0.41865588115588115,0.06638402955772388,18.333333333333332,4.932882862316248,0.0,0.0,0.0,0.0,7.126068431670622,0.5492289292129601,5.0,0.0,,,0.00015691612131636667,5.514851294688321e-08,0.00032264816800470003,2.554097771329224e-06,1.0811365617894946,0.0022397650117805153,0.1226812943181903,0.003343141896337993,0.6514045036049999,0.014697442069072936,0.2547835638816705,0.010328354802092729,0.10000000000000002,0.0,0.0,0.0,0.0,0.0,0.0,0.0,0.0,0.0,1200.0,0.0,1200.0,0.0,10.0,0.0,10.0,0.0,0.17499999999999996,0.022047927592204884,2.181205195183892,0.03308497397393388,0.16388888888888883,0.004811252243246865,1.0,0.0,1200.0,0.0,1.0,0.0,1.0,0.0,1.0,0.0,0.09602718264559347,0.0009164546977744452,0.37534481656259766,0.018175616056946994,0.10000000000000002,0.0,0.09602718261310533,0.0009164550457574412,0.6514045036049999,0.014697442069072936,0.17499999999999996,0.022047927592204884,0.0,0.0,0.2547835638816705,0.010328354802092729,0.00032264816800470003,2.554097771329224e-06,2.181205195183892,0.03308497397393388,0.16388888888888883,0.004811252243246865,0.0,0.0,0.0,0.0,10.0,0.0,1.0,0.0,6.0,0.0,120.0,0.0,0.0,0.0,1.0,0.0,1.0,1.5700924586837752e-16,1.0,0.0,0.0,0.0,0.7503837828580132,0.0049461143494557835,0.7490993650452357,0.004679159054039683,0.0027473242785667333,0.0005967740229726549,2.181205195183892,0.03308497397393388
har,csta_topk_uniform_top5,2.0,1.0,,,0.9348949434714856,0.0006228747812612752,0.9553691732491746,0.003947949667689935,0.02047422977768897,0.004517373191809981,58810.0,0.0,10.0,0.0,10.0,0.0,1.0,0.0,0.0,0.0,1.0,0.0,0.997700034418175,0.001305834163051311,30.0,0.0,0.0,0.0,0.0,0.0,178.2145220916524,4.631256854475838,5.0,0.0,,,0.00027135542538156665,1.3067530074905471e-07,2.9530998153801815,0.00023625333087440705,1.1006942424765078,0.005108957208138322,0.1725616980440063,0.007794661108614624,0.18459794942545185,0.00030554987536000124,1.2243557059115369,0.003678419157300624,0.10000000000000002,0.0,0.0,0.0,0.0,0.0,0.0,0.0,0.0,0.0,58810.0,0.0,58810.0,0.0,10.0,0.0,10.0,0.0,0.011449300005667901,0.0008035734783629623,1.9386309282727145,0.05051507941715456,0.1971886867312815,0.00025973902935759203,1.0,0.0,58810.0,0.0,1.0,0.0,1.0,0.0,1.0,0.0,0.0998439993071587,1.4413991888829868e-05,2.638058135753521,0.24066335984167042,0.10000000000000002,0.0,0.09984399955151091,1.4413713146115255e-05,0.18459794942545185,0.00030554987536000124,0.011449300005667901,0.0008035734783629623,0.0,0.0,1.2243557059115369,0.003678419157300624,2.9530998153801815,0.00023625333087440705,1.9386309282727145,0.05051507941715456,0.1971886867312815,0.00025973902935759203,0.0,0.0,0.0,0.0,10.0,0.0,1.0,0.0,45.0,0.0,5881.0,0.0,0.0,0.0,1.0,1.3597399555105182e-16,1.0,0.0,1.0,0.0,0.0,0.0,0.5432432664433311,0.007208560550589374,0.54576522228816,0.0037922446626371667,0.01758053485686763,0.0003953546986336721,1.9386309282727145,0.05051507941715456
heartbeat,csta_topk_uniform_top5,2.0,1.0,,,0.6530270182885037,0.01673649152957013,0.6554403285887614,0.029992120997410845,0.002413310300257802,0.046650771382789155,1630.0,0.0,10.0,0.0,10.0,0.0,1.0,0.0,0.0,0.0,1.0,0.0,0.6938279784159853,0.04657486524867869,20.333333333333332,8.504900548115382,0.0,0.0,0.0,0.0,17.53703151198958,2.0716089618865565,5.0,0.0,,,0.0007043329903621333,3.95470996992209e-08,9.570172038917198,0.04334764383974494,1.149478163095162,0.0015707521865227748,0.2788304239838905,0.002550053300232638,0.039102305877050166,0.0009275676449957464,4.069173560263541,0.21265210991686007,0.10000000000000002,0.0,0.0,0.0,0.0,0.0,0.0,0.0,0.0,0.0,1630.0,0.0,1630.0,0.0,10.0,0.0,10.0,0.0,0.0,0.0,2.1507456412627945,0.0708192011039584,0.2004089979550102,0.007084052382694835,1.0,0.0,1630.0,0.0,1.0,0.0,1.0,0.0,1.0,0.0,0.10000000000721293,8.187115127999594e-11,1.4041821581476785,0.1195033115945465,0.10000000000000002,0.0,0.10000000000000002,0.0,0.039102305877050166,0.0009275676449957464,0.0,0.0,0.0,0.0,4.069173560263541,0.21265210991686007,9.570172038917198,0.04334764383974494,2.1507456412627945,0.0708192011039584,0.2004089979550102,0.007084052382694835,0.0,0.0,0.0,0.0,10.0,0.0,1.0,0.0,1891.0,0.0,163.0,0.0,1.0,0.0,1.0,0.0,1.0,0.0,1.0,0.0,0.0,0.0,0.721111253948988,0.021093612448590614,0.7145523502496763,0.021831647606936663,0.03681109695394386,0.0009215612607743252,2.1507456412627945,0.0708192011039584
japanesevowels,csta_topk_uniform_top5,2.0,1.0,,,0.9661509590323788,0.009167563041868563,0.9785341333074079,0.0069528804284001424,0.012383174275029033,0.012729027076391916,2160.0,0.0,10.0,0.0,10.0,0.0,1.0,0.0,0.0,0.0,1.0,0.0,0.9875679875679877,0.010766438586286555,30.0,0.0,0.0,0.0,0.0,0.0,11.427290940676661,0.20303295157273127,5.0,0.0,,,0.0003158739872436,7.684240616805422e-08,2.4500527003241537,0.010537950958965763,1.2200741387057776,0.004100861333963188,0.3364825455562297,0.0032143880065315417,0.024954389895034266,9.932103667401179e-05,5.3765669018572835,0.019134642339864984,0.09999999999999991,0.0,0.0,0.0,0.0,0.0,0.0,0.0,0.0,0.0,2160.0,0.0,2160.0,0.0,10.0,0.0,10.0,0.0,0.0,0.0,2.2713935434346926,0.01197660603596983,0.15123456790123457,0.002672917912914966,1.0,0.0,2160.0,0.0,1.0,0.0,1.0,0.0,1.0,0.0,0.09999999990052837,5.2781418148471264e-11,1.5057879410843131,0.03253873710274261,0.09999999999999991,0.0,0.09999999999999991,0.0,0.024954389895034266,9.932103667401179e-05,0.0,0.0,0.0,0.0,5.3765669018572835,0.019134642339864984,2.4500527003241537,0.010537950958965763,2.2713935434346926,0.01197660603596983,0.15123456790123457,0.002672917912914966,0.0,0.0,0.0,0.0,10.0,0.0,1.0,0.0,78.0,0.0,216.0,0.0,0.0,0.0,1.0,0.0,1.0,0.0,1.0,0.0,0.0,0.0,0.7479773678687947,0.0019204748553432187,0.7516199751806664,0.0016813128336783645,0.012414364007880435,0.00025076484337557847,2.2713935434346926,0.01197660603596983
libras,csta_topk_uniform_top5,2.0,1.0,,,0.5604970086490186,0.47026135162447846,0.8674927711586049,0.057510021177380584,0.3069957625095863,0.5274836473226423,1440.0,0.0,10.0,0.0,10.0,0.0,1.0,0.0,0.0,0.0,1.0,0.0,0.903068783068783,0.04734879218389004,18.666666666666668,8.144527815247079,0.0,0.0,0.0,0.0,7.186033322010189,0.7899957841984497,5.0,0.0,,,0.0001287158049113,2.842765275869153e-07,0.24871898817792806,0.003282667321869805,1.079081708259159,0.01149263109287976,0.13117101583233418,0.008100890541557815,0.3684582495372836,0.011312531184757411,0.5462185803497736,0.019913394769596304,0.10000000000000002,0.0,0.0,0.0,0.0,0.0,0.0,0.0,0.0,0.0,1440.0,0.0,1440.0,0.0,10.0,0.0,10.0,0.0,0.032407407407407364,0.004009376869372436,2.1675989094185133,0.06661877689949483,0.162037037037037,0.008018753738744748,1.0,0.0,1440.0,0.0,1.0,0.0,1.0,0.0,1.0,0.0,0.09975036634631856,0.00013317906511353008,1.6604699877605933,0.10421307519486754,0.10000000000000002,0.0,0.09975036600959573,0.00013317983814657448,0.3684582495372836,0.011312531184757411,0.032407407407407364,0.004009376869372436,0.0,0.0,0.5462185803497736,0.019913394769596304,0.24871898817792806,0.003282667321869805,2.1675989094185133,0.06661877689949483,0.162037037037037,0.008018753738744748,0.0,0.0,0.0,0.0,10.0,0.0,1.0,0.0,3.0,0.0,144.0,0.0,0.0,0.0,1.0,0.0,1.0,0.0,1.0,0.0,0.0,0.0,0.3861579388020204,0.06491636452448692,0.3743464272069663,0.012893134366259398,0.053989155251047166,0.012481638626394407,2.1675989094185133,0.06661877689949483
motorimagery,csta_topk_uniform_top5,2.0,1.0,,,0.436153208624094,0.05260533084918073,0.4486584126953809,0.06732509617945091,0.012505204071286899,0.054991162383369194,2220.0,0.0,10.0,0.0,10.0,0.0,1.0,0.0,0.0,0.0,1.0,0.0,0.5633118889292935,0.03841120986760296,16.666666666666668,5.507570547286102,0.0,0.0,0.0,0.0,90.29088272167913,18.64761325404911,5.0,0.0,,,0.0007205552206965333,2.017950670990647e-08,0.00010571892238633335,3.4722831972944266e-07,1.093322695588624,0.0032741734983924606,0.1878174726184366,0.00215229519661021,0.023033555728428065,5.1693242581014745e-05,5.84679144862525,0.015927721386433884,0.09999999999999991,0.0,0.0,0.0,0.0,0.0,0.0,0.0,0.0,0.0,2220.0,0.0,2220.0,0.0,10.0,0.0,10.0,0.0,0.0,0.0,2.271402633667084,0.013932227955949238,0.1501501501501501,0.02128745777591264,1.0,0.0,2220.0,0.0,1.0,0.0,1.0,0.0,1.0,0.0,0.10000000002517691,2.668578796894607e-11,1.4294447790631362,0.04409013350582515,0.09999999999999991,0.0,0.09999999999999991,0.0,0.023033555728428065,5.1693242581014745e-05,0.0,0.0,0.0,0.0,5.84679144862525,0.015927721386433884,0.00010571892238633335,3.4722831972944266e-07,2.271402633667084,0.013932227955949238,0.1501501501501501,0.02128745777591264,0.0,0.0,0.0,0.0,10.0,0.0,1.0,0.0,2080.0,0.0,222.0,0.0,1.0,0.0,1.0,0.0,1.0,0.0,1.0,0.0,0.0,0.0,0.8367502081752628,0.0009769340322528992,0.8402530661758165,0.0008080337957947016,0.0099410984091626,0.000724794941368803,2.271402633667084,0.013932227955949238
natops,csta_topk_uniform_top5,2.0,1.0,,,0.9216425322831762,0.01515792484574601,0.9608696404345388,0.005711285449272913,0.039227108151362565,0.013092921635537344,1440.0,0.0,10.0,0.0,10.0,0.0,1.0,0.0,0.0,0.0,1.0,0.0,0.9813519813519814,0.016149657879430106,24.666666666666668,9.237604307034012,0.0,0.0,0.0,0.0,8.298198898672126,0.980965428197813,5.0,0.0,,,0.0004489230890637,4.054142922385221e-07,2.9159347387602406,0.005064652365246123,1.4109324965502896,0.012598496573548019,0.5598215663499793,0.013817166622386542,0.024511155140968632,0.0004257231846636635,5.733628288789461,0.08849489231445822,0.10000000000000002,0.0,0.0,0.0,0.0,0.0,0.0,0.0,0.0,0.0,1440.0,0.0,1440.0,0.0,10.0,0.0,10.0,0.0,0.0,0.0,2.1752377404048526,0.012965207284478772,0.18518518518518515,0.010607814108694059,1.0,0.0,1440.0,0.0,1.0,0.0,1.0,0.0,1.0,0.0,0.09999999998603255,1.4429051725957592e-11,2.4509958504249174,0.03937992994464744,0.10000000000000002,0.0,0.10000000000000002,0.0,0.024511155140968632,0.0004257231846636635,0.0,0.0,0.0,0.0,5.733628288789461,0.08849489231445822,2.9159347387602406,0.005064652365246123,2.1752377404048526,0.012965207284478772,0.18518518518518515,0.010607814108694059,0.0,0.0,0.0,0.0,10.0,0.0,1.0,0.0,300.0,0.0,144.0,0.0,1.0,0.0,1.0,0.0,1.0,0.0,1.0,0.0,0.0,0.0,0.7513405647509804,0.009082354524485076,0.7575719380778976,0.0017910865288741121,0.011278010349392666,0.0004234128023898381,2.1752377404048526,0.012965207284478772
pendigits,csta_topk_uniform_top5,2.0,1.0,,,0.9830244122278083,0.0023534657348120956,0.9852420447660474,0.003762410826942357,0.0022176325382391,0.003008532726843424,59950.0,0.0,10.0,0.0,10.0,0.0,1.0,0.0,0.0,0.0,1.0,0.0,0.9984503755019233,0.00037057477551749455,22.0,7.211102550927978,0.0,0.0,0.0,0.0,136.67693399001533,26.6996235073273,5.0,0.0,,,0.00012740162470663332,3.839205924327171e-08,1.4627633846689265e-07,1.0696618635043188e-09,1.0176608797392568,0.005075137552939382,0.03187730532100574,0.002777168436893313,0.9849399997274902,0.00035528220045688775,0.043276259578700134,0.0007940137022631438,0.10000000000000002,0.0,0.0,0.0,0.0,0.0,0.0,0.0,0.0,0.0,59950.0,0.0,59950.0,0.0,10.0,0.0,10.0,0.0,0.9629135390603282,0.0003472336946564432,2.237982787795135,0.006102299103621881,0.15068112315818732,0.015879280807849047,1.0,0.0,59950.0,0.0,1.0,0.0,1.0,0.0,1.0,0.0,0.027419053899366302,8.640482773513808e-05,0.29907585990362273,0.029790997036031393,0.10000000000000002,0.0,0.0274190540720335,8.640495691327467e-05,0.9849399997274902,0.00035528220045688775,0.9629135390603282,0.0003472336946564432,0.0,0.0,0.043276259578700134,0.0007940137022631438,1.4627633846689265e-07,1.0696618635043188e-09,2.237982787795135,0.006102299103621881,0.15068112315818732,0.015879280807849047,0.0,0.0,0.0,0.0,10.0,0.0,1.0,0.0,3.0,0.0,5995.0,0.0,0.0,0.0,1.0,0.0,1.0,0.0,1.0,0.0,0.0,0.0,0.9188527740788951,0.001452427782983512,0.9170349663770286,0.0010032082865116861,0.005658153971174966,0.000660705925469362,2.237982787795135,0.006102299103621881
racketsports,csta_topk_uniform_top5,2.0,1.0,,,0.8696074996720241,0.013229632397157179,0.8877814485757538,0.007457931092273792,0.0181739489037295,0.006226852950702669,1200.0,0.0,10.0,0.0,10.0,0.0,1.0,0.0,0.0,0.0,1.0,0.0,0.9606481481481483,0.0340797033896654,25.333333333333332,4.163331998932265,0.0,0.0,0.0,0.0,7.660428613676534,0.16537249367723944,5.0,0.0,,,0.00022169298030536664,4.6472064532775434e-08,0.0001260060181049,6.949325869304907e-06,1.10017152560343,0.0005852322375640412,0.1586063769928831,0.002598333563402805,0.06527445340659373,0.00041560309042575186,2.1546646820830673,0.01315590913636351,0.10000000000000002,0.0,0.0,0.0,0.0,0.0,0.0,0.0,0.0,0.0,1200.0,0.0,1200.0,0.0,10.0,0.0,10.0,0.0,0.0,0.0,2.2657073028711605,0.009198352309783654,0.14999999999999997,0.008333333333333352,1.0,0.0,1200.0,0.0,1.0,0.0,1.0,0.0,1.0,0.0,0.10000000000170405,4.464791662109089e-10,0.8901139254717457,0.029885288973664964,0.10000000000000002,0.0,0.10000000000000002,0.0,0.06527445340659373,0.00041560309042575186,0.0,0.0,0.0,0.0,2.1546646820830673,0.01315590913636351,0.0001260060181049,6.949325869304907e-06,2.2657073028711605,0.009198352309783654,0.14999999999999997,0.008333333333333352,0.0,0.0,0.0,0.0,10.0,0.0,1.0,0.0,21.0,0.0,120.0,0.0,0.0,0.0,1.0,0.0,1.0,0.0,1.0,0.0,0.0,0.0,0.6413310140555945,0.0025044257057854997,0.6452957048446,0.004954026257708426,0.014173462424268868,0.0017249011573850833,2.2657073028711605,0.009198352309783654
selfregulationscp2,csta_topk_uniform_top5,2.0,1.0,,,0.45074054270119185,0.06325142551824281,0.4638288066312343,0.04382104707552169,0.013088263930042502,0.09879004127099565,1600.0,0.0,10.0,0.0,10.0,0.0,1.0,0.0,0.0,0.0,1.0,0.0,0.6235613126677998,0.09119512458854015,23.0,6.557438524302,0.0,0.0,0.0,0.0,17.419706892668426,3.5418775539551666,5.0,0.0,,,0.00023898988749743332,2.1701476418881502e-08,1.1503922235463969e-05,6.785808944477457e-08,1.081349208389012,0.0020507427470981957,0.13995087507832263,0.0014567793888661496,0.34662701201255897,0.0046148886070592685,0.4152400043290516,0.004624583639845367,0.10000000000000002,0.0,0.0,0.0,0.0,0.0,0.0,0.0,0.0,0.0,1600.0,0.0,1600.0,0.0,10.0,0.0,10.0,0.0,0.0,0.0,2.200095834465262,0.056881739351478854,0.14583333333333334,0.007216878364870312,1.0,0.0,1600.0,0.0,1.0,0.0,1.0,0.0,1.0,0.0,0.1000000001330762,3.3365058206917837e-10,0.331048671273104,0.011391712020482486,0.10000000000000002,0.0,0.10000000000000002,0.0,0.34662701201255897,0.0046148886070592685,0.0,0.0,0.0,0.0,0.4152400043290516,0.004624583639845367,1.1503922235463969e-05,6.785808944477457e-08,2.200095834465262,0.056881739351478854,0.14583333333333334,0.007216878364870312,0.0,0.0,0.0,0.0,10.0,0.0,1.0,0.0,28.0,0.0,160.0,0.0,0.0,0.0,1.0,0.0,1.0,0.0,1.0,0.0,0.0,0.0,0.34999398141351556,0.01642003359693085,0.35123711409867236,0.016123562522123228,0.005191569345282666,0.002196734053369092,2.200095834465262,0.056881739351478854
uwavegesturelibrary,csta_topk_uniform_top5,2.0,1.0,,,0.7093520964994625,0.044257608347720065,0.7900257724292011,0.02127038066098667,0.0806736759297386,0.05228554342485104,960.0,0.0,10.0,0.0,10.0,0.0,1.0,0.0,0.0,0.0,1.0,0.0,0.905952380952381,0.04923954013722278,16.666666666666668,2.309401076758503,0.0,0.0,0.0,0.0,6.807633965664233,0.28508950247226733,5.0,0.0,,,0.00015711722480386665,6.754850836591326e-08,0.0017390952611457333,9.23312526378874e-05,1.0886605843726058,0.004399389417264494,0.1326543324449929,0.0018474731174818145,0.42189693214319907,0.004612450328268668,0.5374412451542669,0.011671374826724054,0.10000000000000002,0.0,0.0,0.0,0.0,0.0,0.0,0.0,0.0,0.0,960.0,0.0,960.0,0.0,10.0,0.0,10.0,0.0,0.11805555555555551,0.015911721163041112,2.1824586330497096,0.04398484566547727,0.17013888888888884,0.026214702900245652,1.0,0.0,960.0,0.0,1.0,0.0,1.0,0.0,1.0,0.0,0.0969447847693588,0.00048713661386833186,0.6888974676717159,0.05431931062745466,0.10000000000000002,0.0,0.09694478542808956,0.00048713708034537907,0.42189693214319907,0.004612450328268668,0.11805555555555551,0.015911721163041112,0.0,0.0,0.5374412451542669,0.011671374826724054,0.0017390952611457333,9.23312526378874e-05,2.1824586330497096,0.04398484566547727,0.17013888888888884,0.026214702900245652,0.0,0.0,0.0,0.0,10.0,0.0,1.0,0.0,6.0,0.0,96.0,0.0,0.0,0.0,1.0,1.3597399555105182e-16,1.0,0.0,1.0,0.0,0.0,0.0,0.5622402883438079,0.023820179932815214,0.6130045922531043,0.015860507628154864,0.0295827828749647,0.006055381363208545,2.1824586330497096,0.04398484566547727
