dataset,seed,ray_id,anchor_index,direction_id,sign,feedback_weight_small,alignment_cosine_small,transport_error_logeuc_small,feedback_weight_mid,alignment_cosine_mid,transport_error_logeuc_mid,feedback_weight_edge,alignment_cosine_edge,transport_error_logeuc_edge
heartbeat,2,0,0,5,-1.0,0.12459472718084694,0.06574280560016632,10.471799977047864,0.0724691114225493,0.06540431082248688,10.475533008178372,0.15502317740212815,0.06482397019863129,10.482016031708167
heartbeat,2,1,1,4,1.0,0.4656960950233042,0.031065447255969048,7.77714851827625,0.5008428298837316,0.03084520436823368,7.795832389442423,0.6583869259338826,0.030467506498098373,7.825555630954142
heartbeat,2,2,2,1,1.0,0.28957420570908915,0.05331317335367203,8.030053572015342,0.29600347640613717,0.0532856211066246,8.033905249831143,0.2593908441522596,0.05324048548936844,8.039986357112992
heartbeat,2,3,3,2,-1.0,0.9276105463504791,0.06272386014461517,9.973316751514998,0.9453361451625824,0.06252135336399078,9.86693689825582,0.8699389010667801,0.06218915432691574,9.70024814703856
heartbeat,2,4,4,1,-1.0,0.3887066885698154,-0.057414375245571136,9.391201922590605,0.3737225009778437,-0.05743369832634926,9.379940396265274,0.31341507178149186,-0.05746406316757202,9.361867336088496
heartbeat,2,5,5,2,1.0,0.6835220952828726,0.024171680212020874,10.310013191282366,0.8294788658618927,0.02432376891374588,10.415832617421776,0.6548717021942139,0.024566691368818283,10.586470768286512
heartbeat,2,6,6,0,-1.0,0.7823210395872593,0.05885433405637741,10.65239389547129,0.669811915074076,0.058720625936985016,10.670548724347203,0.7984064936637878,0.05850977823138237,10.699659990908797
heartbeat,2,7,7,4,-1.0,0.816028755903244,-0.0261232890188694,10.037077568326723,0.9157755434513092,-0.02393687702715397,10.009912664954717,0.9999367356300354,-0.02030755765736103,9.966350326783799
heartbeat,2,8,8,2,-1.0,0.5990388104692101,-0.04280216246843338,9.628228382056731,0.7508425831794738,-0.042653895914554596,9.53151913798867,0.5888510519483438,-0.042408764362335205,9.379250571578947
heartbeat,2,9,9,4,1.0,0.8887465357780456,0.05134847015142441,11.112767985163632,0.987169067064921,0.05205255746841431,11.130755463209374,0.8649404304368156,0.053070180118083954,11.160997047294224
heartbeat,2,10,10,2,-1.0,0.8877211042812893,-0.006903213448822498,10.568222354728432,0.9556049638324313,-0.0067938510328531265,10.460122260230131,0.9319572523236275,-0.006624035537242889,10.291163184371976
heartbeat,2,11,11,1,1.0,0.9467744320631027,0.07457901537418365,9.324998961259693,0.9367122451464335,0.0745583027601242,9.338508630656372,0.9442208349704743,0.07452426850795746,9.359946517628247
heartbeat,2,12,12,4,-1.0,0.3939655820315238,0.037354711443185806,8.016921683482478,0.37580544031225144,0.03723819553852081,7.99191894517126,0.40495653715657276,0.03699835389852524,7.951781073035656
heartbeat,2,13,13,3,1.0,0.9671387612819672,0.009473441168665886,11.453877507099042,0.9898359179496765,0.009221361950039864,11.455384386349508,0.9558720827102661,0.008829552680253983,11.45843342381897
heartbeat,2,14,14,3,-1.0,0.9442242756485939,-0.02434869110584259,9.957118981830332,0.9308584382136663,-0.0236381683498621,9.94903284293035,0.9510477721691132,-0.022418707609176636,9.93595974178084
heartbeat,2,15,15,2,1.0,0.07434132682036261,-0.06796672195196152,11.48206839216005,0.06540520993883092,-0.06818156689405441,11.606778208025506,0.03319602424360681,-0.0685194581747055,11.810169524357457
heartbeat,2,16,16,1,1.0,0.8734152858907526,0.04427212476730347,10.216022939448694,0.8592816665768623,0.04421726614236832,10.229516378341748,0.9898271049771991,0.044128160923719406,10.251028295103266
heartbeat,2,17,17,1,1.0,0.8613523662090301,-0.029138028621673584,9.32445125696608,0.8613266625574657,-0.029147634282708168,9.329651055157361,0.8281861413270235,-0.029162906110286713,9.3379221849363
heartbeat,2,18,18,4,-1.0,0.826618529856205,0.022471092641353607,10.114829412394842,0.9200244871052828,0.0228386539965868,10.09023411146774,0.9473317414522171,0.023408785462379456,10.050719778325943
heartbeat,2,19,19,3,-1.0,0.9943153977394104,-0.03256811946630478,10.455529204624842,0.9109012285868326,-0.032202042639255524,10.443095856450679,0.9766849809222751,-0.03157956153154373,10.423254341674244
heartbeat,2,20,20,2,-1.0,0.6470621142536401,-0.1086626872420311,7.6892715927210995,0.571244197173251,-0.10823561251163483,7.6200175245085555,0.4778617751185915,-0.10754047334194183,7.509768266470925
heartbeat,2,21,21,1,-1.0,0.8777975618839264,-0.06892276555299759,9.518086814938595,0.9254836104810238,-0.06892608106136322,9.498198409541208,0.9040962670530591,-0.06893092393875122,9.466211987996974
heartbeat,2,22,22,0,-1.0,0.6270580943673849,0.08421285450458527,10.189453111074005,0.7407571439232145,0.08414983749389648,10.207208869450056,0.531490607695146,0.08405039459466934,10.235674614327497
heartbeat,2,23,23,5,1.0,0.5064499704167247,-0.0236126109957695,10.111648381824052,0.6230807343963534,-0.023857146501541138,10.112392294050062,0.3492538483333192,-0.024227216839790344,10.114047301600909
heartbeat,2,24,24,4,1.0,0.9823752386229379,0.02666952833533287,10.510201956321769,0.9541249752044678,0.02841988578438759,10.53160101079573,0.9492335187064277,0.031113915145397186,10.566507010014144
heartbeat,2,25,25,5,1.0,0.9898619055747986,0.073893241584301,10.447069530206292,0.9497628509998322,0.07405406981706619,10.41087764034846,0.9088716626167297,0.0742950364947319,10.354339944155177
heartbeat,2,26,26,3,-1.0,0.06915716577892879,0.004679690580815077,9.488733766934647,0.0854426644332138,0.0031870719976723194,9.480885478475646,0.06778728970424068,0.0007514595054090023,9.468193543772836
heartbeat,2,27,27,0,1.0,0.8481575300296148,-0.09545712172985077,0.12212395284782074,0.9071909040212631,-0.09528401494026184,0.12207662417862424,0.7471400976181031,-0.0950043797492981,0.1219998080794069
heartbeat,2,28,28,0,-1.0,0.6310843545943499,0.09483473002910614,5.808549381733421,0.596014267206192,0.09491130709648132,5.814536743946599,0.8152135610580444,0.09503094106912613,5.824081453648572
heartbeat,2,29,29,4,1.0,0.6798636573884222,-0.02665473148226738,9.111891133263294,0.7139969258569181,-0.027124527841806412,9.138577184737386,0.594523164975856,-0.027813535183668137,9.181143968962711
heartbeat,2,30,30,3,1.0,0.3729864455221509,-0.0066206445917487144,9.27914361216163,0.2512299605485977,-0.007623848505318165,9.289364840963003,0.25434468995544274,-0.009174399077892303,9.305693327683613
heartbeat,2,31,31,5,-1.0,0.9996321678161622,-0.030493933707475662,10.88247631894194,0.9999953955411911,-0.030400298535823822,10.88776362104805,0.9760028198361397,-0.030247684568166733,10.897375183365279
heartbeat,2,32,32,0,1.0,0.9316508819659551,-0.03607797995209694,9.899685718420885,0.9168153242631392,-0.03621349483728409,9.88271479966766,0.9938895603020986,-0.03643374145030975,9.855601147845741
heartbeat,2,33,33,4,-1.0,0.7977844662964344,0.01913045160472393,9.944057945738148,0.7390813129022717,0.019345564767718315,9.920588127315002,0.7607137045034995,0.01967816799879074,9.88286788015949
heartbeat,2,34,34,4,-1.0,0.9285171457699367,0.011129974387586117,9.59026717999727,0.8652968406677246,0.011343434453010559,9.568545748422174,0.99764584004879,0.011671405285596848,9.533780221654895
heartbeat,2,35,35,2,-1.0,0.9452280476689339,-0.041160427033901215,9.516451634825142,0.9224222567346361,-0.04128778725862503,9.433776741728378,0.933994323015213,-0.04147149994969368,9.302641929262272
heartbeat,2,36,36,5,-1.0,0.7904216051101685,0.044009730219841,9.719713868706538,0.8962555593914456,0.04416021704673767,9.717473559339249,0.527492287917994,0.04440489411354065,9.714499503118988
heartbeat,2,37,37,5,-1.0,0.885959267616272,0.0014650067314505577,10.695291382812146,0.9146956086158753,0.0014865193516016006,10.702973435705019,0.9086642211133783,0.0015251575969159603,10.716361944648002
heartbeat,2,38,38,1,-1.0,0.8779894225299358,-0.08762790262699127,10.720026483469113,0.9445972707536485,-0.08766525238752365,10.694993217197734,0.9262355913718542,-0.08772298693656921,10.655071249231254
heartbeat,2,39,39,1,-1.0,0.9075736999511719,0.01489396020770073,9.767656786504723,0.9702201008796691,0.014876807108521461,9.760248610160943,0.961547565460205,0.014849299564957619,9.748340468499771
heartbeat,2,40,40,3,-1.0,0.9460297624270121,-0.006931287702172995,11.032349819237828,0.9469439536333084,-0.006699817255139351,11.015632381928778,0.9376645343644279,-0.006326405797153711,10.989198324171136
heartbeat,2,41,41,2,1.0,0.8072215430438519,0.0014001918025314808,10.09257304227322,0.9230817332863808,0.0016472302377223969,10.187880512161014,0.8601742471967425,0.0020438628271222115,10.340443497881509
heartbeat,2,42,42,1,1.0,0.895240418612957,0.06340353190898895,10.96734885057154,0.9604989290237427,0.063338503241539,10.987563795703718,0.9847769822393145,0.06323263794183731,11.019937436384962
heartbeat,2,43,43,3,1.0,0.9593484103679657,0.031171243637800217,10.328795602661208,0.8966935144530402,0.03155342489480972,10.33857034892835,0.9996101930737495,0.03212776035070419,10.354278146005488
heartbeat,2,44,44,0,1.0,0.5502676533069462,0.05567552149295807,9.405055789780661,0.47953024486778306,0.05579233169555664,9.38883875060529,0.5377402676989126,0.05598175525665283,9.362909704085556
heartbeat,2,45,45,1,-1.0,0.7416402064263821,0.08639991283416748,9.740181266672835,0.8990800728400549,0.08641510456800461,9.729592083806363,0.832170178492864,0.08643840253353119,9.712627580260678
heartbeat,2,46,46,2,-1.0,0.2940346386767487,-0.02512524276971817,9.52941455388149,0.3466780639631907,-0.025320541113615036,9.435710967112849,0.3917999663713595,-0.02562582865357399,9.287682228195964
heartbeat,2,47,47,0,-1.0,0.7943915790981717,-0.009819764643907547,10.419128792732844,0.8614725470542908,-0.009905250743031502,10.435751563477593,0.8820735053582625,-0.01003964338451624,10.462379521512625
heartbeat,2,48,48,1,1.0,0.9873526394367218,0.016839712858200073,10.372458609330794,0.9371393546462059,0.01680739037692547,10.385407014182128,0.9322755634784698,0.01675521954894066,10.406066974380538
heartbeat,2,49,49,2,-1.0,0.007826646320978625,-0.02150769904255867,10.265031000958642,0.1638469742334194,-0.02152436226606369,10.157908935888196,0.34250607136636974,-0.021548019722104073,9.990539051249728
heartbeat,2,50,50,0,1.0,0.910730642931802,0.01706705428659916,9.511008847965828,0.8913841843605042,0.01694800890982151,9.496446831638593,0.8268292471766472,0.01675475761294365,9.473131402147178
heartbeat,2,51,51,5,-1.0,0.972590297460556,0.05254073068499565,8.841252621914595,0.9063949244362968,0.052659522742033005,8.837939803170615,0.9241119878632682,0.052852630615234375,8.832618135970964
heartbeat,2,52,52,0,-1.0,0.9658065934975942,-0.056213945150375366,10.214895508084581,0.9100039958953857,-0.056313470005989075,10.227928614033948,0.8843450801713126,-0.05646941438317299,10.248787919606345
heartbeat,2,53,53,5,-1.0,0.2617880324755859,-0.02452920377254486,9.452112785144267,0.43390213017119095,-0.024688810110092163,9.455571148443422,0.3300779736491057,-0.024948548525571823,9.461047921693556
heartbeat,2,54,54,0,-1.0,0.8602459043264389,0.03996945172548294,9.961417831260494,0.8653696452577909,0.03984249755740166,9.978086482810006,0.9882063493132591,0.03964214771986008,10.00477115738771
heartbeat,2,55,55,3,-1.0,0.9877977669239044,-0.02173849195241928,10.684439694346958,0.9306131973862648,-0.02060575596988201,10.672215180701512,0.932066198438406,-0.01875600963830948,10.65278194993456
heartbeat,2,56,56,3,-1.0,0.46703856344902306,-0.07793369889259338,8.680683240125518,0.4743030534258911,-0.07777798175811768,8.667649912983412,0.6533918113758167,-0.07747671753168106,8.64677444442247
heartbeat,2,57,57,4,-1.0,0.35001871788075994,-0.03435658663511276,9.677341234186416,0.4758527608272353,-0.03443504497408867,9.650456373168806,0.31919947888222094,-0.03454796224832535,9.607351674513621
heartbeat,2,58,58,0,1.0,0.8910633888509538,0.01870555616915226,9.265945189178957,0.9126091461915237,0.018579795956611633,9.251879943489865,0.9971404895186424,0.01837543398141861,9.229351899610316
heartbeat,2,59,59,0,-1.0,0.9980286359786987,-0.058341134339571,11.212956325809133,0.8352455695470175,-0.05841749161481857,11.22856726459865,0.9978122048907809,-0.058537330478429794,11.253604156434344
heartbeat,2,60,60,0,1.0,0.9981802900632223,0.0043709734454751015,11.587063662739386,0.9459724798798561,0.004325797315686941,11.586169633452409,0.911875123778979,0.004252220503985882,11.584867071874976
heartbeat,2,61,61,2,-1.0,0.8963882029056549,0.036969274282455444,7.115567448512973,0.9414608207615939,0.03709409385919571,7.062458998575,0.8981422066688538,0.037287089973688126,6.976534027100963
heartbeat,2,62,62,5,1.0,0.9488924622535706,0.03271723911166191,10.493936747568497,0.9606835186481476,0.03293783590197563,10.478265976023016,0.8939589738845826,0.033280882984399796,10.45414493768905
heartbeat,2,63,63,0,1.0,0.7735681417915556,0.019194303080439568,9.142846444620584,0.8862660256299105,0.019051991403102875,9.127316108452234,0.6334795008103052,0.018821092322468758,9.102466469804966
heartbeat,2,64,64,3,1.0,0.9103952977392409,0.0057457732036709785,11.64857988170279,0.9411205920306119,0.005691336467862129,11.656906326691702,0.9823639467358589,0.0056070806458592415,11.670867746751398
heartbeat,2,65,65,2,-1.0,0.46619463255483423,0.0016716043464839458,8.00378033508127,0.5194064375500602,0.0016334219835698605,7.947589180112961,0.514755304378923,0.001581263728439808,7.857245591285347
heartbeat,2,66,66,5,1.0,0.8814658655060662,0.00256361928768456,9.311352068787647,0.9602112449132479,0.002731435466557741,9.311484025967994,0.8826015510342338,0.002991142449900508,9.31153143368837
heartbeat,2,67,67,4,1.0,0.9622537361250983,-0.01352555863559246,7.080815169886403,0.8218630194664002,-0.011310487985610962,7.096312383503271,0.930294930934906,-0.007668979000300169,7.120945705275976
heartbeat,2,68,68,5,1.0,0.36916611679963296,-0.047510091215372086,10.993201622871679,0.12786280464173796,-0.0476287379860878,10.978176821431123,0.22579160394642175,-0.04781103879213333,10.955853394766278
heartbeat,2,69,69,3,-1.0,0.6198921747938064,0.0028292308561503887,5.568895997189287,0.5039351696315053,0.003604256547987461,5.563217762310763,0.3582615603967993,0.00490189902484417,5.5539833057533246
heartbeat,2,70,70,1,1.0,0.9380331635475159,0.06333796679973602,11.237141659071636,0.8986422717571259,0.06329868733882904,11.26178632473316,0.9627425803078545,0.06323462724685669,11.301228878438563
heartbeat,2,71,71,1,-1.0,0.8933356069028378,-0.048362378031015396,10.796448734770932,0.9096402637660503,-0.04842909425497055,10.777788793509002,0.8914366861184438,-0.04853419214487076,10.748016394105937
heartbeat,2,72,72,0,-1.0,0.6704723238945007,-0.09622667729854584,8.537254595222095,0.6216802171298436,-0.09619970619678497,8.549095057216567,0.6338145155459642,-0.09615686535835266,8.568022607953557
heartbeat,2,73,73,3,-1.0,0.9222098588943481,-0.06515474617481232,9.226599155024648,0.6248045278092226,-0.06506124138832092,9.212618555761397,0.5462255736770616,-0.06486304104328156,9.190407872734797
heartbeat,2,74,74,3,1.0,0.9989126960436503,-0.009068422019481659,10.05966521565934,0.9214065189544971,-0.008764846250414848,10.069945331522053,0.9267308924879346,-0.008283049799501896,10.086448890482611
heartbeat,2,75,75,0,1.0,0.8719898949969899,0.05228504538536072,10.132236967064205,0.851302707195282,0.052187226712703705,10.116439836123789,0.8615450007574899,0.05202805995941162,10.091174441455987
heartbeat,2,76,76,5,-1.0,0.9496187195181847,-0.059420809149742126,11.066305932789637,0.8922671845981053,-0.05938342213630676,11.087368903001037,0.9856986138555739,-0.059317056089639664,11.122364031932147
heartbeat,2,77,77,2,-1.0,0.8281868435442448,-0.07497549057006836,10.46386594571618,0.9022274265686671,-0.07482068240642548,10.359424285963721,0.9164127806822459,-0.0745658203959465,10.19564831028048
heartbeat,2,78,78,4,1.0,0.7995053708553315,-0.05814430117607117,6.954328089089774,0.7811128497123718,-0.058021802455186844,6.973896883395157,0.7885550452130181,-0.057799845933914185,7.004899006422494
heartbeat,2,79,79,3,1.0,0.3683412979006544,0.01709824986755848,9.010246930746863,0.4924431916704634,0.017012732103466988,9.021349699271937,0.23354408384616457,0.0168612077832222,9.039091349968032
heartbeat,2,80,80,2,-1.0,0.9372181594371796,0.013730375096201897,11.068434027202777,0.9477007985115051,0.013974127359688282,10.939565247556052,0.9441481298870511,0.014364747330546379,10.74025540915153
heartbeat,2,81,81,1,-1.0,0.9282335553850446,-0.05081389844417572,11.302282176378988,0.8927838007609049,-0.050787486135959625,11.271378276706072,0.9446087545818753,-0.05074569210410118,11.222275825714274
heartbeat,2,82,82,5,1.0,0.5613559861201793,0.0860234797000885,7.8224093815457145,0.705771008294753,0.085913747549057,7.832915472480863,0.570691240078304,0.0857345461845398,7.849301403610501
heartbeat,2,83,83,3,1.0,0.9479630410671234,0.04338584095239639,9.819181222758647,0.9961803896086556,0.04396925866603851,9.831045389333399,0.7950994372367859,0.0448235385119915,9.850038173226862
heartbeat,2,84,84,0,1.0,0.2885094673485063,-0.0020802542567253113,9.327302403929895,0.29063544571423944,-0.0020024566911160946,9.31302113385901,0.2947853801888414,-0.0018759719096124172,9.290149352951492
heartbeat,2,85,85,5,-1.0,0.9349068880081177,-0.0049375793896615505,11.71203517338531,0.9356774290402731,-0.0050199516117572784,11.756888007825882,0.9923315842946371,-0.005159566178917885,11.831399561864869
heartbeat,2,86,86,5,1.0,0.7385347584883372,0.03945299983024597,8.318137869638175,0.7016829550266266,0.03967512398958206,8.318484434312003,0.9001063853502274,0.040012795478105545,8.318614969828756
heartbeat,2,87,87,5,-1.0,0.8605833616521623,-0.06962119042873383,10.15753773929068,0.9579243404524667,-0.06951311230659485,10.200378139018992,0.9131015009350247,-0.06933580338954926,10.269298411020225
heartbeat,2,88,88,0,-1.0,0.47993828936159844,-0.06840960681438446,8.53233943771121,0.3109556759397189,-0.0683336928486824,8.545633012539248,0.45217075737350065,-0.06821374595165253,8.566862346525845
heartbeat,2,89,89,1,-1.0,0.9323282018303871,-0.04177011176943779,10.536692279199277,0.7529947385191917,-0.041760917752981186,10.50849789041178,0.9994362354278564,-0.04174623638391495,10.463510768252828
heartbeat,2,90,90,5,-1.0,0.9512508403171193,-0.061995021998882294,10.496007805755612,0.9991439514689975,-0.061936814337968826,10.515444553883997,0.9456222918298509,-0.061839573085308075,10.5469728040848
heartbeat,2,91,91,3,-1.0,0.8740713646014532,-0.00254062470048666,9.368997483917429,0.9571740676959356,-0.0023053984623402357,9.361438696289236,0.9607605934143066,-0.0019161151722073555,9.349160703549702
heartbeat,2,92,92,3,-1.0,0.956968312462171,-0.0013293544761836529,10.164230407237035,0.9118366912007332,-0.0011354953749105334,10.150094075971644,0.9863423109054565,-0.0008040384855121374,10.127547324130655
heartbeat,2,93,93,2,1.0,0.9401804913174022,0.04302837699651718,11.52792090552231,0.9370379522442818,0.043213602155447006,11.662325968448604,0.8809456063641442,0.04350392520427704,11.882434196425757
heartbeat,2,94,94,1,1.0,0.9788175565855843,0.045248646289110184,9.981788954579537,0.8675037970145544,0.04520168527960777,9.992034913887363,0.94642019813711,0.04512515664100647,10.008311197850217
heartbeat,2,95,95,2,-1.0,0.11570533191139293,0.0035456258337944746,10.411541647139272,0.1430167520234641,0.003315398935228586,10.304663621128196,0.17695007175284896,0.0029485856648534536,10.137450730583028
heartbeat,2,96,96,3,-1.0,0.8978595547378063,-0.03164934739470482,10.698732571075332,0.9270601953778949,-0.03130953013896942,10.68515818109822,0.8717287616296248,-0.03073943220078945,10.66369131560776
heartbeat,2,97,97,2,1.0,0.9998308777809143,0.0037666659336537123,10.37763081441958,0.9060092351653359,0.0036009117029607296,10.465959312101253,0.9118724411184137,0.0033350461162626743,10.607364679470365
heartbeat,2,98,98,0,1.0,0.12584284093691167,0.03740576654672623,10.42646171317098,0.2674644066516733,0.0374935045838356,10.409318457515326,0.11375266737942695,0.03763570636510849,10.381927040729645
heartbeat,2,99,99,4,-1.0,0.9164003655314445,-0.04411452263593674,9.923866321043755,0.8522013425827026,-0.043696023523807526,9.900219618659436,0.9297385414441427,-0.04296545311808586,9.86204224542565
heartbeat,2,100,100,5,-1.0,0.9303561329841614,0.048817701637744904,1.167984767202466,0.8881505206227303,0.04744027182459831,1.1675168273576524,0.8763270169496536,0.04512101411819458,1.1667187527098837
heartbeat,2,101,101,1,-1.0,0.21439397358085444,0.08526474982500076,9.633695290897753,0.442949983541439,0.08534109592437744,9.629283411742229,0.1869678918903901,0.0854608342051506,9.622184501504725
heartbeat,2,102,102,2,1.0,0.7278639157967908,0.05169738084077835,2.177876343907766,0.4742400266113691,0.05152946710586548,2.182582709055884,0.47260383958928287,0.05124291032552719,2.189772020452911
heartbeat,2,103,103,3,-1.0,0.22387804731260985,-0.03646571561694145,9.359689342605632,0.28670859857229514,-0.03632558509707451,9.345965833365517,0.49037882675151845,-0.03603532910346985,9.324074342720337
heartbeat,2,104,104,1,-1.0,0.9723387410243353,-0.04610634595155716,11.087821318324766,0.9999506354331971,-0.04609723389148712,11.062970334590878,0.9528399229049682,-0.04608268290758133,11.023358655048213
heartbeat,2,105,105,5,1.0,0.9487791982564059,0.04289191961288452,9.879158704430278,0.9212237464057075,0.042967356741428375,9.869715387966194,0.9984720547993978,0.04308225214481354,9.854999402573325
heartbeat,2,106,106,0,-1.0,0.4846254631294869,-0.006152259651571512,9.238956031330051,0.2426904511982381,-0.005977117922157049,9.253322045638205,0.5614070374611821,-0.0057013812474906445,9.276292309523246
heartbeat,2,107,107,4,-1.0,0.9357201941311359,-0.03733936324715614,11.352522723991902,0.9593311101198196,-0.03551279380917549,11.338795745644548,0.9373780116438866,-0.03248700127005577,11.31768178998434
heartbeat,2,108,108,0,1.0,0.9036386795341969,0.08581332117319107,11.094133729059633,0.8517270055082109,0.08576415479183197,11.078732553825933,0.9638676643371582,0.0856834128499031,11.054177703115254
heartbeat,2,109,109,1,1.0,0.8543321319988796,0.03417214751243591,10.035023434519706,0.8208418004214764,0.03415965288877487,10.045738091796292,0.8243593573570251,0.034137479960918427,10.062771804462987
heartbeat,2,110,110,2,-1.0,0.8708846952233996,-0.011089843697845936,9.185882262672873,0.9253500625491142,-0.011269371956586838,9.109946133838863,0.8681452174981436,-0.011547967791557312,8.988747105853705
heartbeat,2,111,111,1,-1.0,0.8776585857073466,-0.06405986845493317,10.445468352677649,0.9540561650480542,-0.06413160264492035,10.42837545382091,0.9105174812403592,-0.06424439698457718,10.400991774293313
heartbeat,2,112,112,1,1.0,0.8989914655685425,0.057335563004016876,9.40397872693658,0.8707038164138794,0.057509228587150574,9.419469866175504,0.9262837767601013,0.05778207629919052,9.444030518227992
heartbeat,2,113,113,4,1.0,0.07690762765625615,-0.04013398289680481,10.391925196719807,0.1951128879748635,-0.04129209369421005,10.4181810977995,0.04951333317709903,-0.04301592707633972,10.460256903114544
heartbeat,2,114,114,0,1.0,0.9986576437950134,0.09717762470245361,10.358869232584736,0.9094121217727661,0.09715860337018967,10.342768748869663,0.9374124076631334,0.09712639451026917,10.317029923946732
heartbeat,2,115,115,5,-1.0,0.9958265338625226,0.0011387779377400875,9.88098655579943,0.9994853615760804,0.0012311297468841076,9.901140586740434,0.9873237477408515,0.0013811280950903893,9.933433733204799
heartbeat,2,116,116,2,1.0,0.8043668195605278,-0.06673324853181839,8.969137413696128,0.6559585225250986,-0.067034512758255,9.05487311152795,0.8320785984396935,-0.0675073117017746,9.192168898102077
heartbeat,2,117,117,3,-1.0,0.451240653145625,-0.013925470411777496,9.626156548360582,0.20636427987786496,-0.01450657844543457,9.613731207053371,0.17497882080108731,-0.015467992052435875,9.593933122474166
heartbeat,2,118,118,2,1.0,0.803397493229972,-0.05126015469431877,6.339548970576789,0.6757866186755044,-0.051492102444171906,6.372206091647289,0.8533621820119711,-0.05185200273990631,6.422958592637506
heartbeat,2,119,119,4,-1.0,0.5801562783731655,-0.024149518460035324,9.5185216612234,0.35661161653612017,-0.02334042638540268,9.491884955244648,0.32629891958937457,-0.022017773240804672,9.449137499080425
heartbeat,2,120,120,2,1.0,0.9333313167095184,0.015435948967933655,9.581886974704645,0.889932744204998,0.015515493229031563,9.683215617207726,0.9070803225040436,0.01564379781484604,9.845774894816271
heartbeat,2,121,121,1,-1.0,0.8877020279566447,-0.01836990937590599,10.511132116101669,0.8396910011768342,-0.018440887331962585,10.495784322944662,0.916460116704305,-0.01855289749801159,10.471238199507972
heartbeat,2,122,122,4,-1.0,0.9496920943260193,-0.060507386922836304,10.450442064300926,0.8712542951107025,-0.059200868010520935,10.42271527861313,0.9777936190366745,-0.056953173130750656,10.378260439908257
heartbeat,2,123,123,1,-1.0,0.954028457403183,-0.034456945955753326,7.5099150689209795,0.9991481729916164,-0.03456423059105873,7.4917161209380785,0.9917112209580161,-0.03473344445228577,7.462347064660085
heartbeat,2,124,124,2,-1.0,0.9999960150037494,0.03356329724192619,9.17665198902508,0.9281414359807968,0.03364597633481026,9.093200361511188,0.9186279326677322,0.03376559168100357,8.960469947285112
heartbeat,2,125,125,1,1.0,0.9975167363882065,0.030091065913438797,9.996513055403678,0.9172270623120394,0.030071493238210678,10.0059026241046,0.8811146728694439,0.0300397127866745,10.020828623544135
heartbeat,2,126,126,1,1.0,0.9938438733418783,0.048937056213617325,11.257951769196895,0.9996847152709961,0.0489102303981781,11.281237536250751,0.9705533534288406,0.0488661490380764,11.318575745096119
heartbeat,2,127,127,1,1.0,0.49195271792511147,-0.06688181310892105,9.688512396936233,0.6605432720389217,-0.06685829162597656,9.693419729876403,0.8472118633134025,-0.06682007014751434,9.701249281293945
heartbeat,2,128,128,1,-1.0,0.13731438016993708,0.07610809803009033,7.6070549268967325,0.11579488605426984,0.07617062330245972,7.592876661377871,0.24186112728903025,0.07626832276582718,7.569912948802497
heartbeat,2,129,129,4,-1.0,0.25993523704207955,-0.004558359272778034,10.331452621643251,0.29629792692615875,-0.0053793154656887054,10.306856240404032,0.39407876593152275,-0.006748664192855358,10.267346071388335
heartbeat,2,130,130,3,-1.0,0.2082819776916524,0.015247748233377934,10.814234028188755,0.15029450583301696,0.014890007674694061,10.800119322597961,0.10513843788066879,0.014281855896115303,10.777780389715826
heartbeat,2,131,131,5,-1.0,0.8587162584066391,0.0318543016910553,9.261764740473122,0.9088574126362801,0.03208079934120178,9.252102816055656,0.7366042690617698,0.03245291858911514,9.23694722575385
heartbeat,2,132,132,3,1.0,0.16070121361462952,-0.04689976945519447,9.801500718303716,0.24685029329646113,-0.048010364174842834,9.812908050960859,0.29466984727575135,-0.04967104271054268,9.83122392863743
heartbeat,2,133,133,4,-1.0,0.9984501004219055,-0.021224074065685272,10.458685654833733,0.8923478797078133,-0.020151421427726746,10.431235681047426,0.8344189922014872,-0.018329033628106117,10.38710154438776
heartbeat,2,134,134,5,-1.0,0.9058899689804424,-0.058013834059238434,10.802925180822166,0.942129909992218,-0.0577726811170578,10.81548408897622,0.9326539209910801,-0.05736686661839485,10.836525020506015
heartbeat,2,135,135,4,-1.0,0.8854288296266035,0.011209269985556602,10.166461477355329,0.9999275869793363,0.011456727981567383,10.137872911683749,0.9605050583680471,0.011864383704960346,10.09220160027163
heartbeat,2,136,136,1,1.0,0.29123129874568576,0.04547663778066635,8.839295990514993,0.16192769150948153,0.04547553509473801,8.848064412112418,0.2273087867223593,0.04547363892197609,8.861979429199
heartbeat,2,137,137,4,1.0,0.8867018393107823,-0.00817098654806614,10.401755497406631,0.8047588433731686,-0.007528956048190594,10.429565403311939,0.864603771103753,-0.006489075720310211,10.474105284944093
heartbeat,2,138,138,4,-1.0,0.863944927851359,0.010472213849425316,9.492475675534768,0.8991468151410421,0.0116744264960289,9.471047742372171,0.8673794791102409,0.013691911473870277,9.436497820598065
heartbeat,2,139,139,0,-1.0,0.9145287036895752,-0.02385522797703743,10.990602058100528,0.9541353359818459,-0.023912042379379272,11.005582449511365,0.9961367726325989,-0.02400163933634758,11.029597083459638
heartbeat,2,140,140,3,1.0,0.9712640568614006,0.05009394884109497,9.858070081785694,0.8728059033552805,0.05017717182636261,9.868521318637866,0.8360652476549149,0.05028308182954788,9.885313945408063
heartbeat,2,141,141,1,-1.0,0.896316409111023,-0.021223634481430054,9.87808001557169,0.7951759696006775,-0.02130821719765663,9.86352662800164,0.8781033639724438,-0.02144199050962925,9.840182292676417
heartbeat,2,142,142,4,-1.0,0.7004290238022804,-0.024132121354341507,8.326939807310335,0.45523458924144505,-0.02256302535533905,8.307489466874442,0.714889869093895,-0.019949058070778847,8.276213288097711
heartbeat,2,143,143,4,-1.0,0.9999842643737793,-0.011418932117521763,9.406323118255923,0.91878941655159,-0.010899693705141544,9.380548401172373,0.8793942108750343,-0.010009801015257835,9.339242805081506
heartbeat,2,144,144,3,1.0,0.9548736470086234,0.011774935759603977,10.218159080627853,0.8861444507326398,0.01209671888500452,10.225752487640362,0.9408967759874132,0.012582313269376755,10.238096862448362
heartbeat,2,145,145,4,-1.0,0.8917073756456375,-0.06628428399562836,9.159922217330967,0.9200442502131829,-0.06576752662658691,9.13604591734906,0.9152626484632492,-0.06484667211771011,9.097650442116308
heartbeat,2,146,146,5,-1.0,0.9345530441829136,-0.05063622444868088,10.795900199527077,0.9857597748438517,-0.05056080222129822,10.818603391759098,0.999999463558197,-0.05043252184987068,10.855907821540725
heartbeat,2,147,147,0,1.0,0.9988323748111725,0.009436231106519699,7.744258841078947,0.9686311960220337,0.009391816332936287,7.733945931846743,0.8761605143547058,0.009319432079792023,7.7173317259646925
heartbeat,2,148,148,4,-1.0,0.9911659955978394,0.00741201126947999,9.543976214237086,0.9219326547213963,0.0077153355814516544,9.517444234359024,0.8974743366241456,0.008203617297112942,9.474859071909115
heartbeat,2,149,149,1,1.0,0.11250191510360735,0.001282971352338791,9.207355570352615,0.17053888397528633,0.001351362094283104,9.213074280759418,0.10943942042613344,0.0014620502479374409,9.22215943548709
heartbeat,2,150,150,3,1.0,0.7548752013179991,-0.02996400184929371,8.866953659186377,0.8713464140892029,-0.028372066095471382,8.877934403872946,0.671870829967352,-0.025898654013872147,8.895589626735411
heartbeat,2,151,151,0,-1.0,0.8521164158980051,-0.04912884533405304,10.162746117046208,0.6403564448867526,-0.04921933263540268,10.179373437685975,0.8957629468705919,-0.0493609756231308,10.205996822062875
heartbeat,2,152,152,3,-1.0,0.5389380865817657,-0.03918696194887161,9.80793050897126,0.35356001896434464,-0.03928755968809128,9.79289630471547,0.34320341382408515,-0.03940485417842865,9.768990129332384
heartbeat,2,153,153,1,1.0,0.7188779270419707,-0.05408405512571335,10.014809925248974,0.823629481451852,-0.054094452410936356,10.022898696617885,0.9742230623960495,-0.05411039665341377,10.035800468937536
heartbeat,2,154,154,3,1.0,0.23500771548471752,-0.026866070926189423,10.40929985209175,0.1848795639860847,-0.027728263288736343,10.424222545012624,0.11370190859148958,-0.029059845954179764,10.448220469480736
heartbeat,2,155,155,4,1.0,0.24151163066683998,0.039405643939971924,9.982716632605648,0.25649476560349527,0.03902025520801544,10.01220370445081,0.31985169598479396,0.038413405418395996,10.059428135691325
heartbeat,2,156,156,4,1.0,0.8479147627949715,-0.02193138375878334,7.241184474451321,0.9271202683448792,-0.021066438406705856,7.262346575112193,0.9146157882430337,-0.019749432802200317,7.295811862583975
heartbeat,2,157,157,4,-1.0,0.1383965342775344,-0.016584888100624084,11.0238402162965,0.22253381647660847,-0.016698744148015976,10.99736716854186,0.1095152844205731,-0.01687609776854515,10.955194035304281
heartbeat,2,158,158,5,-1.0,0.9462270339330038,-0.045630160719156265,10.636227825610032,0.8457900546491146,-0.0452747568488121,10.632102280010207,0.9578786875520434,-0.04466689005494118,10.626522953121075
heartbeat,2,159,159,0,-1.0,0.43626654068274157,0.012666910886764526,10.032899874834719,0.4744733199477196,0.012545812875032425,10.049509453068683,0.6976478040218353,0.012355096638202667,10.076105754903496
heartbeat,2,160,160,2,1.0,0.9868290093210008,0.008669023402035236,8.960832159205658,0.850318753057056,0.0087817357853055,9.045910749324218,0.8937406003475189,0.008960578590631485,9.180969393280584
heartbeat,2,161,161,3,1.0,0.856065941353639,0.0023177755065262318,8.722134618122984,0.887588062456676,0.0029378817416727543,8.731637643233443,0.8635280914604664,0.0038932068273425102,8.746809558101077
heartbeat,2,162,162,2,1.0,0.9931464876447406,0.009037677198648453,8.039183152847935,0.8265807390213012,0.009022567421197891,8.10156893620623,0.8894646872173656,0.00899917259812355,8.200220218368303
